id_pedido,data_venda,id_cliente,cliente,segmento,regiao,uf,id_produto,produto,categoria,canal_venda,vendedor,forma_pagamento,quantidade,preco_unitario,desconto_pct,receita_bruta,valor_desconto,receita_liquida,custo_total,lucro,status_pedido,prazo_entrega_dias,avaliacao_cliente
V00001,2025-10-09,C002,Beta Varejo,B2B,Sudeste,MG,P001,Notebook Pro 14,Informática,E-commerce,Bruno Lima,Pix,2,4658.46,0.05,9316.92,465.85,8851.07,6269.32,2581.75,Concluída,3,2.0
V00002,2025-03-31,C002,Beta Varejo,B2B,Sudeste,MG,P009,Smartphone X,Telefonia,Marketplace,Ana Souza,Cartão Crédito,6,2890.29,0.05,17341.74,867.09,16474.65,10973.64,5501.01,Pendente,7,3.0
V00003,2025-08-27,C002,Beta Varejo,B2B,Sudeste,MG,P004,Monitor 24,Informática,Loja Física,Fernanda Rocha,Pix,1,836.91,0.0,836.91,0.0,836.91,618.82,218.09,Concluída,3,5.0
V00004,2025-08-14,C009,Shopping Mix,B2C,Nordeste,PE,P007,Mesa Office,Móveis,Marketplace,Fernanda Rocha,Boleto,1,752.13,0.0,752.13,0.0,752.13,430.9,321.23,Cancelada,3,4.0
V00005,2026-03-09,C001,Alfa Distribuidora,B2B,Sudeste,SP,P003,Teclado Mecânico,Acessórios,Representante,Carla Mendes,Pix,3,291.27,0.05,873.81,43.69,830.12,413.55,416.57,Concluída,10,
V00006,2025-04-15,C004,Delta Store,B2B,Sul,PR,P006,Cadeira Ergonômica,Móveis,Loja Física,Diego Alves,Cartão Crédito,5,1305.47,,6527.35,0.0,6527.35,4537.75,1989.6,Concluída,3,4.0
V00007,2025-09-28,C006,Mercado Central,B2B,Nordeste,BA,P006,Cadeira Ergonômica,Móveis,Loja Física,Diego Alves,Cartão Crédito,1,1485.07,0.0,1485.07,0.0,1485.07,904.15,580.92,Concluída,5,4.0
V00008,2025-10-28,C007,Loja Avenida,B2C,Centro-Oeste,GO,P002,Mouse Wireless,Acessórios,Representante,Fernanda Rocha,Pix,1,105.76,0.08,105.76,8.46,97.3,41.39,55.91,Devolvida,5,
V00009,2025-08-22,C002,Beta Varejo,B2B,Sudeste,MG,P001,Notebook Pro 14,Informática,Representante,Ana Souza,Pix,1,3961.09,0.0,3961.09,0.0,3961.09,2984.61,976.48,Concluída,3,5.0
V00010,2025-10-12,C002,Beta Varejo,B2B,Sudeste,MG,P007,Mesa Office,Móveis,Marketplace,Carla Mendes,Pix,2,750.21,0.03,1500.42,45.01,1455.41,813.02,642.39,Cancelada,2,
V00011,2025-08-03,C006,Mercado Central,B2B,Nordeste,,P006,Cadeira Ergonômica,Móveis,Representante,Ana Souza,Pix,5,1274.02,0.0,6370.1,0.0,6370.1,4640.5,1729.6,Concluída,7,5.0
V00012,2025-06-17,C009,Shopping Mix,B2C,Nordeste,PE,P004,Monitor 24,Informática,Marketplace,Diego Alves,Boleto,1,871.19,0.0,871.19,0.0,871.19,655.97,215.22,Concluída,4,2.0
V00013,2025-11-29,C009,Shopping Mix,B2C,Nordeste,PE,P004,Monitor 24,Informática,Loja Física,Bruno Lima,Cartão Crédito,2,864.67,0.05,1729.34,86.47,1642.87,1262.4,380.47,Devolvida,4,3.0
V00014,2025-10-02,C006,Mercado Central,B2B,Nordeste,BA,P007,Mesa Office,Móveis,Loja Física,Bruno Lima,Boleto,4,832.55,0.03,3330.2,99.91,3230.29,1821.08,1409.21,Concluída,5,4.0
V00015,2026-02-10,C004,Delta Store,B2B,Sul,PR,P008,Webcam Full HD,Acessórios,Marketplace,Bruno Lima,Boleto,1,193.98,0.0,193.98,0.0,193.98,93.11,100.87,Concluída,4,
V00016,2025-09-27,C003,Casa Norte,B2C,Norte,AM,P004,Monitor 24,Informática,Marketplace,Fernanda Rocha,Transferência,2,881.35,0.05,1762.7,88.14,1674.56,1172.64,501.92,Concluída,3,3.0
V00017,2025-05-22,C006,Mercado Central,B2B,Nordeste,BA,P004,Monitor 24,Informática,Marketplace,Ana Souza,Cartão Crédito,8,959.23,0.05,7673.84,383.69,7290.15,5255.12,2035.03,Cancelada,3,5.0
V00018,2025-06-13,C002,Beta Varejo,B2B,Sudeste,MG,P003,Teclado Mecânico,Acessórios,Marketplace,Fernanda Rocha,Cartão Crédito,3,344.84,0.1,1034.52,103.45,931.07,425.1,505.97,Concluída,3,4.0
V00019,2026-04-25,C007,Loja Avenida,B2C,Centro-Oeste,GO,P007,Mesa Office,Móveis,Representante,Fernanda Rocha,Cartão Crédito,5,849.7,0.0,4248.5,0.0,4248.5,2175.65,2072.85,Concluída,3,3.0
V00020,2025-10-01,C002,Beta Varejo,B2B,Sudeste,,P009,Smartphone X,Telefonia,Representante,Ana Souza,Boleto,2,3100.83,0.0,6201.66,0.0,6201.66,4013.0,2188.66,Concluída,4,
V00021,2026-04-10,C007,Loja Avenida,B2C,Centro-Oeste,GO,P003,Teclado Mecânico,Acessórios,Loja Física,Carla Mendes,Pix,10,305.73,0.03,3057.3,91.72,2965.58,1412.5,1553.08,Concluída,2,5.0
V00022,2025-11-02,C009,Shopping Mix,B2C,Nordeste,PE,P002,Mouse Wireless,Acessórios,E-commerce,Bruno Lima,Boleto,3,86.58,0.0,259.74,0.0,259.74,123.51,136.23,Concluída,3,4.0
V00023,2026-06-28,C003,Casa Norte,B2C,Norte,AM,P009,Smartphone X,Telefonia,Loja Física,Fernanda Rocha,Boleto,10,2669.11,0.05,26691.1,1334.56,25356.54,20930.4,4426.14,Concluída,7,4.0
V00024,2025-04-25,C008,Prime Atacado,B2B,Sul,RS,P001,Notebook Pro 14,Informática,Representante,Carla Mendes,Pix,3,4365.38,0.03,13096.14,392.88,12703.26,8566.71,4136.55,Cancelada,4,3.0
V00025,2025-03-22,C001,Alfa Distribuidora,B2B,Sudeste,SP,P004,Monitor 24,Informática,Loja Física,Diego Alves,Cartão Crédito,1,916.7,0.05,916.7,45.84,870.86,563.02,307.84,Concluída,3,5.0
V00026,2025-05-12,C009,Shopping Mix,B2C,Nordeste,PE,P003,Teclado Mecânico,Acessórios,Marketplace,Fernanda Rocha,Pix,1,336.64,0.0,336.64,0.0,336.64,157.85,178.79,Concluída,4,3.0
V00027,2026-03-10,C005,E-commerce Livre,B2C,Sudeste,RJ,P009,Smartphone X,Telefonia,E-commerce,Fernanda Rocha,Pix,8,3060.44,0.0,24483.52,0.0,24483.52,16454.56,8028.96,Cancelada,5,4.0
V00028,2026-01-18,C005,E-commerce Livre,B2C,Sudeste,RJ,P007,Mesa Office,Móveis,Marketplace,Fernanda Rocha,Transferência,2,717.98,0.1,1435.96,143.6,1292.36,930.58,361.78,Concluída,4,4.0
V00029,2025-08-19,C002,Beta Varejo,B2B,Sudeste,MG,P004,Monitor 24,Informática,Loja Física,Carla Mendes,Cartão Crédito,4,976.65,0.1,3906.6,390.66,3515.94,2587.32,928.62,Concluída,2,3.0
V00030,2025-08-24,C010,Tech Mais,B2C,Sudeste,SP,P009,Smartphone X,Telefonia,E-commerce,Ana Souza,Cartão Crédito,6,2893.56,0.0,17361.36,0.0,17361.36,11146.56,6214.8,Concluída,2,3.0
V00031,2025-03-11,C001,Alfa Distribuidora,B2B,Sudeste,SP,P004,Monitor 24,Informática,Loja Física,Carla Mendes,Cartão Crédito,3,936.47,0.05,2809.41,140.47,2668.94,1757.46,911.48,Concluída,3,4.0
V00032,2025-10-13,C009,Shopping Mix,B2C,Nordeste,PE,P004,Monitor 24,Informática,Marketplace,Bruno Lima,Pix,4,928.2,0.08,3712.8,297.02,3415.78,2533.64,882.14,Concluída,2,4.0
V00033,2026-04-30,C010,Tech Mais,B2C,Sudeste,SP,P010,Carregador USB-C,Telefonia,E-commerce,,Transferência,2,104.9,0.15,209.8,31.47,178.33,83.22,95.11,Devolvida,5,5.0
V00034,2025-04-10,C004,Delta Store,B2B,Sul,PR,P002,Mouse Wireless,Acessórios,Marketplace,Carla Mendes,Transferência,3,97.56,0.03,292.68,8.78,283.9,108.9,175.0,Concluída,3,1.0
V00035,2025-02-25,C007,Loja Avenida,B2C,Centro-Oeste,GO,P008,Webcam Full HD,Acessórios,Loja Física,Ana Souza,Transferência,4,197.18,0.1,788.72,78.87,709.85,393.0,316.85,Devolvida,4,1.0
V00036,2025-09-12,C006,Mercado Central,B2B,Nordeste,BA,P002,Mouse Wireless,informatica,E-commerce,Bruno Lima,Transferência,8,94.45,,755.6,113.34,642.26,332.4,309.86,Cancelada,3,4.0
V00037,2025-07-07,C003,Casa Norte,B2C,Norte,AM,P007,Mesa Office,Móveis,Representante,Diego Alves,Pix,6,756.38,0.0,4538.28,0.0,4538.28,2632.2,1906.08,Pendente,5,5.0
V00038,2025-04-11,C002,Beta Varejo,B2B,Sudeste,MG,P008,Webcam Full HD,Acessórios,Loja Física,Fernanda Rocha,Cartão Crédito,1,217.41,0.15,217.41,32.61,184.8,85.07,99.73,Concluída,7,5.0
V00039,2025-06-20,C002,Beta Varejo,B2B,Sudeste,MG,P004,Monitor 24,Informática,Marketplace,Diego Alves,Transferência,4,938.55,0.0,3754.2,0.0,3754.2,2373.76,1380.44,Cancelada,7,5.0
V00040,2025-03-02,C004,Delta Store,B2B,Sul,PR,P007,Mesa Office,Móveis,E-commerce,Diego Alves,Cartão Crédito,8,789.75,0.03,6318.0,189.54,6128.46,3659.12,2469.34,Concluída,5,5.0
V00041,2026-04-11,C007,Loja Avenida,B2C,Centro-Oeste,GO,P005,Headset Gamer,Acessórios,Representante,Diego Alves,Transferência,6,233.85,0.0,1403.1,0.0,1403.1,590.28,812.82,Concluída,2,4.0
V00042,2025-10-31,C003,Casa Norte,B2C,Norte,AM,P004,Monitor 24,Informática,E-commerce,Ana Souza,Cartão Crédito,3,857.1,0.03,2571.3,77.14,2494.16,1693.65,800.51,Concluída,7,4.0
V00043,2025-02-21,C006,Mercado Central,B2B,Nordeste,BA,P001,Notebook Pro 14,Informática,Marketplace,Fernanda Rocha,Pix,1,4262.55,0.08,4262.55,341.0,3921.55,2924.49,997.06,Concluída,2,2.0
V00044,2025-03-24,C001,Alfa Distribuidora,B2B,Sudeste,SP,P009,Smartphone X,Telefonia,E-commerce,Ana Souza,Cartão Crédito,3,2853.03,0.05,8559.09,427.95,8131.14,6241.14,1890.0,Pendente,4,4.0
V00045,2025-05-03,C004,Delta Store,B2B,Sul,PR,P007,Mesa Office,Móveis,E-commerce,Fernanda Rocha,Cartão Crédito,5,748.47,0.0,3742.35,0.0,3742.35,2008.35,1734.0,Concluída,15,5.0
V00046,2026-03-06,C010,Tech Mais,B2C,Sudeste,SP,P002,Mouse Wireless,Acessórios,Representante,Carla Mendes,Pix,4,94.05,0.0,376.2,0.0,376.2,144.12,232.08,Concluída,5,5.0
V00047,2025-09-29,C006,Mercado Central,B2B,Nordeste,BA,P004,Monitor 24,Informática,Marketplace,Bruno Lima,Boleto,4,855.81,0.1,3423.24,342.32,3080.92,2568.88,512.04,Concluída,5,4.0
V00048,2025-03-16,C008,Prime Atacado,B2B,Sul,RS,P006,Cadeira Ergonômica,Móveis,Loja Física,Diego Alves,Cartão Crédito,2,1320.72,0.05,2641.44,132.07,2509.37,1605.3,904.07,Concluída,2,2.0
V00049,2025-08-07,C002,Beta Varejo,B2B,Sudeste,MG,P009,Smartphone X,Telefonia,Representante,Bruno Lima,Boleto,6,2953.45,0.03,17720.7,531.62,17189.08,11138.82,6050.26,Concluída,4,3.0
V00050,2026-01-14,C002,Beta Varejo,B2B,Sudeste,MG,P004,Monitor 24,Informática,Representante,Bruno Lima,Transferência,2,879.03,0.05,1758.06,87.9,1670.16,1261.86,408.3,Concluída,4,5.0
V00051,2026-06-26,C009,Shopping Mix,B2C,Nordeste,PE,P005,Headset Gamer,Acessórios,Loja Física,Fernanda Rocha,Boleto,3,261.22,0.05,783.66,39.18,744.48,299.04,445.44,Concluída,5,1.0
V00052,2025-09-28,C002,Beta Varejo,B2B,Sudeste,MG,P003,Teclado Mecânico,Acessórios,Loja Física,Ana Souza,Pix,3,354.19,0.03,1062.57,31.88,1030.69,430.59,600.1,Concluída,4,4.0
V00053,2025-08-04,C005,E-commerce Livre,B2C,Sudeste,RJ,P005,Headset Gamer,Acessórios,Representante,Bruno Lima,Boleto,8,236.39,0.15,1891.12,283.67,1607.45,909.68,697.77,Concluída,2,3.0
V00054,2025-09-15,C009,Shopping Mix,B2C,Nordeste,PE,P008,Webcam Full HD,Acessórios,Loja Física,Ana Souza,Transferência,1,193.36,0.05,193.36,9.67,183.69,83.95,99.74,Concluída,7,1.0
V00055,2025-01-04,C005,E-commerce Livre,B2C,Sudeste,,P001,Notebook Pro 14,Informática,Representante,Bruno Lima,Boleto,5,4040.43,0.0,20202.15,0.0,20202.15,15942.55,4259.6,Concluída,7,5.0
V00056,2026-03-14,C003,Casa Norte,B2C,Norte,AM,P008,Webcam Full HD,Acessórios,Loja Física,Ana Souza,Cartão Crédito,5,202.03,0.0,1010.15,0.0,1010.15,474.8,535.35,Cancelada,15,4.0
V00057,2025-02-06,C003,Casa Norte,B2C,Norte,AM,P009,Smartphone X,informatica,Representante,Fernanda Rocha,Pix,2,2998.27,0.0,5996.54,0.0,5996.54,4306.64,1689.9,Cancelada,4,5.0
V00058,2025-02-12,C007,Loja Avenida,B2C,Centro-Oeste,GO,P003,Teclado Mecânico,Acessórios,Representante,Carla Mendes,Cartão Crédito,4,295.26,0.1,1181.04,118.1,1062.94,586.36,476.58,Cancelada,4,5.0
V00059,2025-09-13,C006,Mercado Central,B2B,Nordeste,BA,P004,Monitor 24,Informática,Loja Física,Carla Mendes,Transferência,2,803.12,0.1,1606.24,160.62,1445.62,1142.44,303.18,Concluída,10,
V00060,2025-08-31,C010,Tech Mais,B2C,Sudeste,SP,P003,Teclado Mecânico,Acessórios,E-commerce,Bruno Lima,Transferência,3,332.48,0.0,997.44,0.0,997.44,423.15,574.29,Concluída,5,5.0
V00061,2025-12-07,C001,Alfa Distribuidora,B2B,Sudeste,SP,P003,Teclado Mecânico,Acessórios,Marketplace,,Boleto,5,343.59,0.0,1717.95,0.0,1717.95,731.5,986.45,Concluída,5,4.0
V00062,2026-01-27,C003,Casa Norte,B2C,Norte,AM,P002,Mouse Wireless,Acessórios,Loja Física,Diego Alves,Pix,6,92.83,0.0,556.98,0.0,556.98,215.64,341.34,Concluida,5,3.0
V00063,2025-12-25,C004,Delta Store,B2B,Sul,PR,P008,Webcam Full HD,Acessórios,Representante,,Pix,1,221.38,0.0,221.38,0.0,221.38,96.11,125.27,Concluída,2,2.0
V00064,2026-02-13,C001,Alfa Distribuidora,B2B,Sudeste,SP,P004,Monitor 24,Informática,Representante,Carla Mendes,Cartão Crédito,10,874.28,0.0,8742.8,0.0,8742.8,6504.5,2238.3,Pendente,15,5.0
V00065,2026-06-06,C005,E-commerce Livre,B2C,Sudeste,RJ,P006,Cadeira Ergonômica,Móveis,Marketplace,Fernanda Rocha,Boleto,2,1239.8,0.08,2479.6,198.37,2281.23,1775.7,505.53,Concluída,10,3.0
V00066,2025-09-25,C001,Alfa Distribuidora,B2B,Sudeste,SP,P002,Mouse Wireless,Acessórios,E-commerce,Fernanda Rocha,Boleto,3,85.74,0.03,257.22,7.72,249.5,106.05,143.45,Concluída,2,5.0
V00067,2026-03-21,C001,Alfa Distribuidora,B2B,Sudeste,SP,P002,Mouse Wireless,Acessórios,Representante,Carla Mendes,Transferência,4,97.69,0.15,390.76,58.61,332.15,150.08,182.07,Concluída,7,3.0
V00068,2025-04-29,C010,Tech Mais,B2C,Sudeste,SP,P009,Smartphone X,Telefonia,Marketplace,Fernanda Rocha,Pix,10,2527.49,0.15,25274.9,3791.24,21483.66,18369.8,3113.86,Devolvida,5,
V00069,2026-03-23,C005,E-commerce Livre,B2C,Sudeste,RJ,P001,Notebook Pro 14,Informática,Loja Física,Fernanda Rocha,Pix,1,4291.76,0.15,4291.76,643.76,3648.0,3093.18,554.82,Concluída,5,4.0
V00070,2025-03-13,C006,Mercado Central,B2B,Nordeste,BA,P007,Mesa Office,Móveis,Representante,Fernanda Rocha,Boleto,3,802.27,0.1,2406.81,240.68,2166.13,1197.36,968.77,Concluída,10,5.0
V00071,2026-06-04,C002,Beta Varejo,B2B,Sudeste,MG,P005,Headset Gamer,Acessórios,Representante,Diego Alves,Boleto,2,248.74,0.0,497.48,0.0,497.48,200.32,297.16,Concluída,4,5.0
V00072,2025-05-11,C007,Loja Avenida,B2C,Centro-Oeste,GO,P005,Headset Gamer,Acessórios,E-commerce,Diego Alves,Transferência,1,267.45,0.15,267.45,40.12,227.33,109.8,117.53,Concluída,4,5.0
V00073,2025-11-05,C003,Casa Norte,B2C,Norte,AM,P010,Carregador USB-C,Telefonia,Marketplace,Fernanda Rocha,Cartão Crédito,4,102.94,0.1,411.76,41.18,370.58,179.44,191.14,Pendente,7,5.0
V00074,2025-08-04,C005,E-commerce Livre,B2C,Sudeste,RJ,P005,Headset Gamer,Acessórios,Marketplace,Fernanda Rocha,Boleto,2,265.25,0.08,530.5,42.44,488.06,194.9,293.16,Concluída,4,5.0
V00075,2026-03-29,C008,Prime Atacado,B2B,Sul,RS,P008,Webcam Full HD,Acessórios,E-commerce,Fernanda Rocha,Transferência,10,195.95,0.03,1959.5,58.78,1900.72,889.7,1011.02,Pendente,7,5.0
V00076,2025-10-18,C003,Casa Norte,B2C,Norte,AM,P002,Mouse Wireless,Acessórios,Representante,Ana Souza,Pix,3,94.17,0.0,282.51,0.0,282.51,106.05,176.46,Devolvida,7,
V00077,2025-07-23,C005,E-commerce Livre,B2C,Sudeste,RJ,P004,Monitor 24,Informática,E-commerce,Ana Souza,Cartão Crédito,10,909.75,0.08,9097.5,727.8,8369.7,6649.4,1720.3,Cancelada,3,4.0
V00078,2025-03-16,C004,Delta Store,B2B,Sul,PR,P008,Webcam Full HD,Acessórios,Marketplace,Diego Alves,Pix,1,233.08,0.05,233.08,11.65,221.43,86.5,134.93,Concluída,5,4.0
V00079,2026-02-14,C007,Loja Avenida,B2C,Centro-Oeste,GO,P008,Webcam Full HD,Acessórios,E-commerce,Bruno Lima,Cartão Crédito,1,220.03,0.03,220.03,6.6,213.43,95.31,118.12,Concluída,7,5.0
V00080,2025-08-13,C002,Beta Varejo,B2B,Sudeste,MG,P007,Mesa Office,Móveis,E-commerce,Fernanda Rocha,Transferência,3,852.43,0.0,2557.29,0.0,2557.29,1217.91,1339.38,Concluída,7,5.0
V00081,2025-09-13,C001,Alfa Distribuidora,B2B,Sudeste,SP,P009,Smartphone X,Telefonia,Loja Física,Diego Alves,Pix,4,2651.19,0.0,10604.76,0.0,10604.76,7307.12,3297.64,Concluída,5,4.0
V00082,2025-11-21,C008,Prime Atacado,B2B,Sul,RS,P009,Smartphone X,Telefonia,Marketplace,Fernanda Rocha,Transferência,2,3076.96,0.0,6153.92,0.0,6153.92,4009.58,2144.34,Cancelada,4,5.0
V00083,2025-06-12,C009,Shopping Mix,B2C,Nordeste,PE,P008,Webcam Full HD,Acessórios,Marketplace,Diego Alves,Boleto,6,232.87,0.0,1397.22,0.0,1397.22,586.86,810.36,Concluída,3,4.0
V00084,2026-06-18,C004,Delta Store,B2B,Sul,,P005,Headset Gamer,Acessórios,Marketplace,Bruno Lima,Boleto,10,242.01,0.0,2420.1,0.0,2420.1,1085.7,1334.4,Concluída,2,3.0
V00085,2025-10-20,C008,Prime Atacado,B2B,Sul,RS,P002,Mouse Wireless,Acessórios,E-commerce,Carla Mendes,Boleto,1,88.67,0.0,88.67,0.0,88.67,39.34,49.33,Concluída,4,5.0
V00086,2025-03-24,C006,Mercado Central,B2B,Nordeste,BA,P009,Smartphone X,Telefonia,E-commerce,Bruno Lima,Pix,3,2931.22,0.0,8793.66,0.0,8793.66,5670.39,3123.27,Concluída,3,4.0
V00087,2025-08-08,C007,Loja Avenida,B2C,Centro-Oeste,GO,P003,Teclado Mecânico,Acessórios,Loja Física,Diego Alves,Transferência,1,294.24,0.0,294.24,0.0,294.24,145.43,148.81,Concluída,4,4.0
V00088,2026-04-23,C006,Mercado Central,B2B,Nordeste,BA,P009,Smartphone X,Telefonia,Marketplace,Ana Souza,Pix,4,2544.22,0.08,10176.88,814.15,9362.73,8181.52,1181.21,Concluída,7,
V00089,2025-01-21,C007,Loja Avenida,B2C,Centro-Oeste,GO,P007,Mesa Office,Móveis,Marketplace,Diego Alves,Cartão Crédito,1,749.51,0.08,749.51,59.96,689.55,453.52,236.03,Concluída,3,4.0
V00090,2026-02-04,C006,Mercado Central,B2B,Nordeste,BA,P005,Headset Gamer,Acessórios,Marketplace,Fernanda Rocha,Pix,3,248.64,0.0,745.92,0.0,745.92,316.02,429.9,Concluida,2,4.0
V00091,2025-10-07,C008,Prime Atacado,B2B,Sul,RS,P004,Monitor 24,Informática,Marketplace,Diego Alves,Cartão Crédito,4,976.28,0.03,3905.12,117.15,3787.97,2478.52,1309.45,Concluída,4,4.0
V00092,2026-02-19,C007,Loja Avenida,B2C,Centro-Oeste,GO,P006,Cadeira Ergonômica,Móveis,E-commerce,Diego Alves,Pix,2,1294.97,0.0,2589.94,0.0,2589.94,1607.08,982.86,Concluída,3,4.0
V00093,2025-01-28,C010,Tech Mais,B2C,Sudeste,SP,P009,Smartphone X,Telefonia,Marketplace,Fernanda Rocha,Cartão Crédito,1,3068.56,0.03,3068.56,92.06,2976.5,2063.63,912.87,Cancelada,4,2.0
V00094,2025-05-19,C002,Beta Varejo,B2B,Sudeste,MG,P007,Mesa Office,Móveis,Marketplace,Bruno Lima,Cartão Crédito,3,802.7,0.05,2408.1,120.4,2287.7,1287.03,1000.67,Concluída,3,4.0
V00095,2025-12-02,C005,E-commerce Livre,B2C,Sudeste,RJ,P007,Mesa Office,Móveis,E-commerce,Diego Alves,Boleto,4,799.95,0.0,3199.8,0.0,3199.8,1887.84,1311.96,Concluída,3,3.0
V00096,2025-10-12,C006,Mercado Central,B2B,Nordeste,BA,P007,Mesa Office,Móveis,Marketplace,Carla Mendes,Cartão Crédito,1,744.21,0.0,744.21,0.0,744.21,410.04,334.17,Concluída,3,5.0
V00097,2025-02-23,C008,Prime Atacado,B2B,Sul,RS,P001,Notebook Pro 14,Informática,Representante,Bruno Lima,Cartão Crédito,1,4264.65,0.0,4264.65,0.0,4264.65,3345.33,919.32,Concluída,4,
V00098,2025-09-11,C001,Alfa Distribuidora,B2B,Sudeste,SP,P001,Notebook Pro 14,Informática,E-commerce,Ana Souza,,6,4534.97,0.0,27209.82,0.0,27209.82,17398.92,9810.9,Concluída,10,5.0
V00099,2026-04-30,C004,Delta Store,B2B,Sul,PR,P003,Teclado Mecânico,Acessórios,Loja Física,Fernanda Rocha,Pix,3,307.71,0.08,923.13,73.85,849.28,414.84,434.44,Concluída,4,4.0
V00100,2026-01-13,C008,Prime Atacado,B2B,Sul,RS,P005,Headset Gamer,Acessórios,E-commerce,Fernanda Rocha,Cartão Crédito,2,222.06,0.05,444.12,22.21,421.91,204.12,217.79,Concluída,3,4.0
V00101,2025-04-21,C003,Casa Norte,B2C,Norte,AM,P005,Headset Gamer,Acessórios,Loja Física,Carla Mendes,Transferência,3,218.74,0.0,656.22,0.0,656.22,297.42,358.8,Concluída,15,4.0
V00102,2025-03-19,C007,Loja Avenida,B2C,Centro-Oeste,GO,P004,Monitor 24,Informática,E-commerce,Ana Souza,Boleto,5,850.86,0.05,4254.3,212.72,4041.58,3223.35,818.23,Concluída,4,4.0
V00103,2025-02-12,C010,Tech Mais,B2C,Sudeste,SP,P002,Mouse Wireless,Acessórios,Representante,Fernanda Rocha,Transferência,2,104.93,0.08,209.86,16.79,193.07,83.12,109.95,Concluída,7,
V00104,2026-06-03,C006,Mercado Central,B2B,Nordeste,BA,P002,Mouse Wireless,Acessórios,Representante,Ana Souza,Transferência,1,86.89,0.05,86.89,4.34,82.55,38.89,43.66,Cancelada,3,5.0
V00105,2026-03-20,C008,Prime Atacado,B2B,Sul,RS,P002,Mouse Wireless,Acessórios,Representante,Diego Alves,Pix,1,88.92,0.0,88.92,0.0,88.92,40.53,48.39,Concluída,5,4.0
V00106,2026-06-19,C007,Loja Avenida,B2C,Centro-Oeste,GO,P003,Teclado Mecânico,Acessórios,Representante,Fernanda Rocha,Transferência,6,315.63,0.08,1893.78,151.5,1742.28,869.16,873.12,Concluída,4,4.0
V00107,2025-10-02,C008,Prime Atacado,B2B,Sul,RS,P007,Mesa Office,Móveis,Representante,Bruno Lima,Cartão Crédito,4,788.27,0.0,3153.08,0.0,3153.08,1860.92,1292.16,Concluída,5,
V00108,2025-09-07,C005,E-commerce Livre,B2C,Sudeste,RJ,P008,Webcam Full HD,Acessórios,Marketplace,Fernanda Rocha,Transferência,3,194.4,0.1,583.2,58.32,524.88,278.91,245.97,Concluída,3,5.0
V00109,2026-05-22,C006,Mercado Central,B2B,Nordeste,BA,P001,Notebook Pro 14,Informática,Representante,Bruno Lima,Transferência,3,4272.92,0.1,12818.76,1281.88,11536.88,9716.82,1820.06,Concluída,4,4.0
V00110,2025-09-22,C004,Delta Store,B2B,Sul,PR,P006,Cadeira Ergonômica,Móveis,Representante,Carla Mendes,Boleto,4,1224.96,0.03,4899.84,147.0,4752.84,3679.2,1073.64,Devolvida,4,5.0
V00111,2026-06-14,C009,Shopping Mix,B2C,Nordeste,PE,P001,Notebook Pro 14,Informática,E-commerce,Ana Souza,Pix,1,4562.12,0.0,4562.12,0.0,4562.12,3024.11,1538.01,Cancelada,3,3.0
V00112,2025-09-04,C007,Loja Avenida,B2C,Centro-Oeste,GO,P008,Webcam Full HD,Acessórios,Marketplace,Diego Alves,Transferência,4,222.27,0.05,889.08,44.45,844.63,376.16,468.47,Concluída,3,4.0
V00113,2025-10-29,C001,Alfa Distribuidora,B2B,Sudeste,SP,P002,Mouse Wireless,Acessórios,E-commerce,Diego Alves,Pix,1,104.49,0.03,104.49,3.13,101.36,37.7,63.66,Concluída,10,3.0
V00114,2026-01-13,C005,E-commerce Livre,B2C,Sudeste,RJ,P010,Carregador USB-C,Telefonia,Marketplace,Fernanda Rocha,Boleto,3,111.24,0.05,333.72,16.69,317.03,116.34,200.69,Devolvida,10,5.0
V00115,2025-12-05,C007,Loja Avenida,B2C,Centro-Oeste,GO,P009,Smartphone X,Telefonia,Representante,Diego Alves,Boleto,4,3088.26,0.05,12353.04,617.65,11735.39,7503.84,4231.55,Concluída,5,4.0
V00116,2025-08-25,C005,E-commerce Livre,B2C,Sudeste,RJ,P005,Headset Gamer,Acessórios,Loja Física,Bruno Lima,Boleto,4,265.33,0.1,1061.32,106.13,955.19,420.48,534.71,Concluída,15,5.0
V00117,2025-07-09,C002,Beta Varejo,B2B,Sudeste,MG,P009,Smartphone X,Telefonia,E-commerce,Bruno Lima,Transferência,1,3087.24,0.08,3087.24,246.98,2840.26,2006.51,833.75,Concluída,4,2.0
V00118,2026-06-22,C005,E-commerce Livre,B2C,Sudeste,RJ,P010,Carregador USB-C,Telefonia,Representante,Ana Souza,Pix,2,118.43,0.0,236.86,0.0,236.86,82.32,154.54,Concluída,5,
V00119,2026-01-05,C005,E-commerce Livre,B2C,Sudeste,RJ,P004,Monitor 24,Informática,E-commerce,Carla Mendes,Cartão Crédito,2,868.93,0.05,1737.86,86.89,1650.97,1221.7,429.27,Concluída,4,3.0
V00120,2025-10-08,C009,Shopping Mix,B2C,Nordeste,PE,P003,Teclado Mecânico,Acessórios,Loja Física,Ana Souza,Boleto,1,323.09,0.0,323.09,0.0,323.09,157.28,165.81,Concluída,5,5.0
V00121,2025-04-16,C003,Casa Norte,B2C,Norte,AM,P008,Webcam Full HD,Acessórios,Loja Física,Fernanda Rocha,Boleto,1,219.66,0.0,219.66,0.0,219.66,98.37,121.29,Concluída,4,2.0
V00122,2026-03-28,C008,Prime Atacado,B2B,Sul,RS,P008,Webcam Full HD,Acessórios,Representante,Bruno Lima,Cartão Crédito,10,212.2,0.03,2122.0,63.66,2058.34,838.9,1219.44,Concluida,3,5.0
V00123,2025-04-27,C005,E-commerce Livre,B2C,Sudeste ,RJ,P008,Webcam Full HD,Acessórios,Loja Física,Diego Alves,Transferência,1,197.81,0.0,197.81,0.0,197.81,90.45,107.36,Concluída,2,5.0
V00124,2025-02-24,C002,Beta Varejo,B2B,Sudeste,MG,P010,Carregador USB-C,Telefonia,E-commerce,Bruno Lima,Boleto,2,111.69,0.0,223.38,0.0,223.38,83.34,140.04,Concluída,3,3.0
V00125,2025-05-02,C002,Beta Varejo,B2B,Sudeste,MG,P004,Monitor 24,Informática,Marketplace,Fernanda Rocha,Pix,6,986.25,0.0,5917.5,0.0,5917.5,3545.58,2371.92,Concluída,4,1.0
V00126,2026-04-07,C009,Shopping Mix,B2C,Nordeste,PE,P007,Mesa Office,Móveis,Marketplace,Carla Mendes,Transferência,1,824.86,0.05,824.86,41.24,783.62,397.7,385.92,Concluída,3,5.0
V00127,2025-03-03,C005,E-commerce Livre,B2C,Sudeste,RJ,P010,Carregador USB-C,Telefonia,Loja Física,Bruno Lima,Pix,1,101.52,0.08,101.52,8.12,93.4,39.99,53.41,Concluída,3,3.0
V00128,2025-06-10,C005,E-commerce Livre,B2C,Sudeste,RJ,P002,Mouse Wireless,Acessórios,E-commerce,Bruno Lima,Cartão Crédito,2,100.6,0.08,201.2,16.1,185.1,81.28,103.82,Concluída,5,3.0
V00129,2026-02-23,C003,Casa Norte,B2C,Norte,AM,P001,Notebook Pro 14,Informática,Marketplace,Fernanda Rocha,Transferência,2,4608.21,0.0,9216.42,0.0,9216.42,5705.88,3510.54,Concluída,2,3.0
V00130,2025-08-26,C005,E-commerce Livre,B2C,Sudeste,RJ,P001,Notebook Pro 14,Informática,ecommerce,Carla Mendes,Transferência,3,4169.4,0.1,12508.2,1250.82,11257.38,9764.34,1493.04,Concluída,3,4.0
V00131,2025-09-28,C002,Beta Varejo,B2B,Sudeste,MG,P004,Monitor 24,Informática,E-commerce,Diego Alves,Cartão Crédito,3,853.49,0.05,2560.47,128.02,2432.45,1818.45,614.0,Concluída,4,4.0
V00132,2025-06-02,C009,Shopping Mix,B2C,Nordeste,PE,P004,Monitor 24,Informática,Representante,Bruno Lima,Cartão Crédito,8,950.51,0.0,7604.08,0.0,7604.08,5252.48,2351.6,Concluída,10,5.0
V00133,2025-11-11,C001,Alfa Distribuidora,B2B,Sudeste,SP,P003,Teclado Mecânico,Acessórios,Representante,Diego Alves,Cartão Crédito,2,289.58,0.0,579.16,0.0,579.16,295.08,284.08,Concluída,3,3.0
V00134,2026-02-17,C008,Prime Atacado,B2B,Sul,RS,P005,Headset Gamer,Acessórios,Representante,Fernanda Rocha,Transferência,5,267.98,0.03,1339.9,40.2,1299.7,499.2,800.5,Concluída,2,
V00135,2025-02-10,C008,Prime Atacado,B2B,Sul,RS,P002,Mouse Wireless,Acessórios,Marketplace,Carla Mendes,Boleto,1,97.55,0.0,97.55,0.0,97.55,38.75,58.8,Concluída,7,3.0
V00136,2025-08-23,C001,Alfa Distribuidora,B2B,Sudeste,SP,P002,Mouse Wireless,Acessórios,Loja Física,Carla Mendes,Cartão Crédito,1,88.36,0.1,88.36,8.84,79.52,40.94,38.58,Concluída,5,5.0
V00137,2026-06-16,C003,Casa Norte,B2C,Norte,AM,P008,Webcam Full HD,Acessórios,Marketplace,Carla Mendes,Pix,1,231.25,0.0,231.25,0.0,231.25,89.01,142.24,Concluída,2,3.0
V00138,2026-05-19,C010,Tech Mais,B2C,Sudeste,SP,P007,Mesa Office,Móveis,Loja Física,Diego Alves,Boleto,4,716.21,0.05,2864.84,143.24,2721.6,1658.36,1063.24,Concluída,3,4.0
V00139,2025-11-25,C007,Loja Avenida,B2C,Centro-Oeste,GO,P006,Cadeira Ergonômica,Móveis,Loja Física,Bruno Lima,Boleto,4,1303.25,0.03,5213.0,156.39,5056.61,3499.8,1556.81,Concluída,10,5.0
V00140,2025-10-23,C007,Loja Avenida,B2C,Centro-Oeste,GO,P008,Webcam Full HD,Acessórios,Marketplace,Fernanda Rocha,Cartão Crédito,1,190.44,0.0,190.44,0.0,190.44,92.44,98.0,Concluída,4,5.0
V00141,2025-11-19,C008,Prime Atacado,B2B,Sul,RS,P002,Mouse Wireless,Acessórios,Representante,Carla Mendes,Cartão Crédito,2,101.61,0.0,203.22,0.0,203.22,70.94,132.28,Concluída,4,5.0
V00142,2025-01-02,C007,Loja Avenida,B2C,Centro-Oeste,GO,P009,Smartphone X,Telefonia,Marketplace,Diego Alves,Cartão Crédito,2,2671.78,0.08,5343.56,427.48,4916.08,4213.02,703.06,Concluída,3,5.0
V00143,2026-01-06,C004,Delta Store,B2B,Sul,PR,P009,Smartphone X,Telefonia,Marketplace,Diego Alves,Cartão Crédito,2,2576.41,0.1,5152.82,515.28,4637.54,3740.72,896.82,Pendente,4,3.0
V00144,2025-05-15,C004,Delta Store,B2B,Sul,PR,P005,Headset Gamer,Acessórios,Representante,Diego Alves,Transferência,3,262.09,0.05,786.27,39.31,746.96,335.52,411.44,Concluída,5,5.0
V00145,2025-09-03,C002,Beta Varejo,B2B,Sudeste,MG,P001,Notebook Pro 14,Informática,E-commerce,Carla Mendes,Cartão Crédito,2,4232.23,0.0,8464.46,0.0,8464.46,6696.46,1768.0,Pendente,2,5.0
V00146,2025-04-06,C009,Shopping Mix,B2C,Nordeste,PE,P007,Mesa Office,Móveis,E-commerce,Ana Souza,Transferência,8,732.99,0.03,5863.92,175.92,5688.0,3731.68,1956.32,Concluída,5,4.0
V00147,2026-05-26,C002,Beta Varejo,B2B,Sudeste,MG,P003,Teclado Mecânico,Acessórios,Representante,Fernanda Rocha,Boleto,8,356.36,0.1,2850.88,285.09,2565.79,1166.24,1399.55,Devolvida,7,4.0
V00148,2026-04-29,C007,Loja Avenida,B2C,Centro-Oeste,GO,P008,Webcam Full HD,Acessórios,E-commerce,Diego Alves,Pix,5,190.71,0.03,953.55,28.61,924.94,432.65,492.29,Concluída,2,5.0
V00149,2026-06-05,C007,Loja Avenida,B2C,Centro-Oeste,GO,P004,Monitor 24,Informática,E-commerce,Ana Souza,Boleto,2,942.91,0.0,1885.82,0.0,1885.82,1191.64,694.18,Concluída,7,4.0
V00150,2026-06-04,C007,Loja Avenida,B2C,Centro-Oeste,GO,P006,Cadeira Ergonômica,Móveis,Representante,Ana Souza,Boleto,3,1478.14,0.05,4434.42,221.72,4212.7,2510.64,1702.06,Concluída,7,1.0
V00151,2026-05-17,C005,E-commerce Livre,B2C,Sudeste,RJ,P010,Carregador USB-C,Telefonia,E-commerce,Diego Alves,Transferência,6,111.8,0.1,670.8,67.08,603.72,268.08,335.64,Pendente,4,5.0
V00152,2026-01-22,C006,Mercado Central,B2B,Nordeste,BA,P006,Cadeira Ergonômica,Móveis,Marketplace,Carla Mendes,Pix,2,1357.52,0.05,2715.04,135.75,2579.29,1874.44,704.85,Pendente,7,4.0
V00153,2026-01-28,C004,Delta Store,B2B,Sul,PR,P010,Carregador USB-C,Telefonia,E-commerce,Diego Alves,Cartão Crédito,2,116.85,0.0,233.7,0.0,233.7,78.96,154.74,Concluída,3,4.0
V00154,2026-01-26,C006,Mercado Central,B2B,Nordeste,BA,P008,Webcam Full HD,Acessórios,Marketplace,Bruno Lima,Transferência,1,190.94,0.0,190.94,0.0,190.94,98.8,92.14,Concluída,4,5.0
V00155,2026-05-30,C001,Alfa Distribuidora,B2B,Sudeste,SP,P003,Teclado Mecânico,Acessórios,Representante,Ana Souza,Transferência,1,354.88,0.08,354.88,28.39,326.49,135.73,190.76,Concluída,7,
V00156,2026-04-13,C002,Beta Varejo,B2B,Sudeste,MG,P009,Smartphone X,Telefonia,Loja Física,Bruno Lima,Transferência,3,2897.86,0.0,8693.58,0.0,8693.58,6524.55,2169.03,Concluída,10,5.0
V00157,2026-04-26,C003,Casa Norte,B2C,Norte,AM,P002,Mouse Wireless,Acessórios,Representante,Carla Mendes,Transferência,3,96.22,0.0,288.66,0.0,288.66,108.51,180.15,Concluída,3,5.0
V00158,2026-01-25,C002,Beta Varejo,B2B,Sudeste,MG,P006,Cadeira Ergonômica,Móveis,Representante,Diego Alves,Cartão Crédito,2,1232.18,0.15,2464.36,369.65,2094.71,1877.6,217.11,Pendente,15,3.0
V00159,2025-08-29,C010,Tech Mais,B2C,Sudeste,SP,P002,Mouse Wireless,Acessórios,Representante,Bruno Lima,Cartão Crédito,2,101.35,0.05,202.7,10.14,192.56,72.02,120.54,Cancelada,3,3.0
V00160,2025-04-13,C007,Loja Avenida,B2C,Centro-Oeste,GO,P002,Mouse Wireless,Acessórios,Marketplace,Bruno Lima,Boleto,3,97.89,0.03,293.67,8.81,284.86,106.77,178.09,Devolvida,3,3.0
V00161,2025-11-29,C001,Alfa Distribuidora,B2B,Sudeste,SP,P001,Notebook Pro 14,Informática,Loja Física,Carla Mendes,Boleto,6,4663.02,0.08,27978.12,2238.25,25739.87,19502.52,6237.35,Concluída,5,2.0
V00162,2025-05-30,C006,Mercado Central,B2B,Nordeste,BA,P007,Mesa Office,Móveis,E-commerce,Fernanda Rocha,Transferência,2,765.95,0.0,1531.9,0.0,1531.9,903.18,628.72,Concluída,2,3.0
V00163,2025-06-24,C010,Tech Mais,B2C,Sudeste,SP,P003,Teclado Mecânico,Acessórios,E-commerce,Ana Souza,,4,293.36,0.08,1173.44,93.88,1079.56,585.28,494.28,Concluída,5,5.0
V00164,2026-05-25,C010,Tech Mais,B2C,Sudeste,SP,P004,Monitor 24,Informática,E-commerce,,Transferência,2,933.76,0.03,1867.52,56.03,1811.49,1181.04,630.45,Devolvida,7,5.0
V00165,2025-09-19,C005,E-commerce Livre,B2C,Sudeste,RJ,P008,Webcam Full HD,Acessórios,Loja Física,Diego Alves,Boleto,6,229.07,0.05,1374.42,68.72,1305.7,578.16,727.54,Concluída,5,5.0
V00166,2025-03-17,C009,Shopping Mix,B2C,Nordeste,PE,P003,Teclado Mecânico,Acessórios,Marketplace,Carla Mendes,Boleto,4,299.17,0.1,1196.68,119.67,1077.01,624.64,452.37,Concluída,7,3.0
V00167,2026-04-13,C007,Loja Avenida,B2C,Centro-Oeste,GO,P005,Headset Gamer,Acessórios,Representante,Bruno Lima,Transferência,2,255.26,0.0,510.52,0.0,510.52,224.12,286.4,Cancelada,4,1.0
V00168,2025-08-31,C008,Prime Atacado,B2B,Sul,RS,P002,Mouse Wireless,Acessórios,Marketplace,Fernanda Rocha,Boleto,2,98.39,0.15,196.78,29.52,167.26,78.56,88.7,Concluída,5,4.0
V00169,2025-10-30,C010,Tech Mais,B2C,Sudeste,SP,P005,Headset Gamer,Acessórios,Loja Física,Diego Alves,Boleto,5,221.65,0.08,1108.25,88.66,1019.59,534.15,485.44,Pendente,4,5.0
V00170,2025-02-20,C001,Alfa Distribuidora,B2B,Sudeste,SP,P010,Carregador USB-C,Telefonia,Marketplace,Carla Mendes,Pix,8,101.48,0.1,811.84,81.18,730.66,350.72,379.94,Concluída,4,5.0
V00171,2025-08-13,C010,Tech Mais,B2C,Sudeste,SP,P006,Cadeira Ergonômica,Móveis,E-commerce,Fernanda Rocha,Boleto,1,1387.9,0.0,1387.9,0.0,1387.9,897.64,490.26,Concluída,7,
V00172,2025-02-10,C003,Casa Norte,B2C,Norte,AM,P002,Mouse Wireless,Acessórios,Representante,Diego Alves,Cartão Crédito,10,101.17,0.0,1011.7,0.0,1011.7,401.5,610.2,Concluída,2,4.0
V00173,2025-05-15,C010,Tech Mais,B2C,Sudeste,SP,P006,Cadeira Ergonômica,Móveis,Loja Física,Carla Mendes,Boleto,3,1443.81,0.05,4331.43,216.57,4114.86,2610.69,1504.17,Concluída,15,4.0
V00174,2025-07-25,C007,Loja Avenida,B2C,Centro-Oeste,GO,P003,Teclado Mecânico,Acessórios,E-commerce,Fernanda Rocha,Boleto,2,299.52,0.08,599.04,47.92,551.12,303.02,248.1,Concluída,2,5.0
V00175,2025-10-07,C009,Shopping Mix,B2C,Nordeste,PE,P009,Smartphone X,Telefonia,E-commerce,Carla Mendes,Transferência,4,2688.33,0.1,10753.32,1075.33,9677.99,7501.76,2176.23,Concluída,10,4.0
V00176,2025-04-28,C005,E-commerce Livre,B2C,Sudeste,RJ,P006,Cadeira Ergonômica,Móveis,Marketplace,Ana Souza,Pix,3,1333.09,0.0,3999.27,0.0,3999.27,2863.47,1135.8,Concluída,10,3.0
V00177,2026-01-10,C004,Delta Store,B2B,Sul,PR,P007,Mesa Office,Móveis,Loja Física,Diego Alves,Cartão Crédito,1,707.34,0.05,707.34,35.37,671.97,424.12,247.85,Devolvida,4,
V00178,2025-05-07,C005,E-commerce Livre,B2C,Sudeste,RJ,P009,Smartphone X,Telefonia,Marketplace,Carla Mendes,Boleto,1,3055.07,0.08,3055.07,244.41,2810.66,2096.36,714.3,Cancelada,7,5.0
V00179,2026-01-16,C010,Tech Mais,B2C,Sudeste,SP,P007,Mesa Office,Móveis,Loja Física,Bruno Lima,Transferência,1,707.58,0.1,707.58,70.76,636.82,443.33,193.49,Cancelada,4,3.0
V00180,2025-12-02,C001,Alfa Distribuidora,B2B,Sudeste,SP,P010,Carregador USB-C,Telefonia,E-commerce,Ana Souza,Transferência,1,115.59,0.0,115.59,0.0,115.59,40.16,75.43,Concluída,2,5.0
V00181,2025-04-30,C005,E-commerce Livre,B2C,Sudeste,RJ,P007,Mesa Office,Móveis,E-commerce,Ana Souza,Cartão Crédito,2,838.86,0.0,1677.72,0.0,1677.72,861.66,816.06,Concluída,2,4.0
V00182,2025-04-29,C005,E-commerce Livre,B2C,Sudeste,RJ,P008,Webcam Full HD,Acessórios,Loja Física,,Pix,3,216.72,0.0,650.16,0.0,650.16,282.18,367.98,Devolvida,7,2.0
V00183,2026-01-15,C007,Loja Avenida,B2C,Centro-Oeste,,P008,Webcam Full HD,Acessórios,Marketplace,Fernanda Rocha,Pix,3,193.85,0.0,581.55,0.0,581.55,296.34,285.21,Concluída,4,5.0
V00184,2026-05-17,C007,Loja Avenida,B2C,Centro-Oeste,GO,P002,Mouse Wireless,Acessórios,Marketplace,Carla Mendes,Cartão Crédito,4,97.2,0.0,388.8,0.0,388.8,148.76,240.04,Concluída,2,4.0
V00185,2026-03-31,C006,Mercado Central,B2B,Nordeste,BA,P004,Monitor 24,Informática,Marketplace,Bruno Lima,Boleto,1,816.39,0.0,816.39,0.0,816.39,575.77,240.62,Concluída,5,5.0
V00186,2026-01-03,C002,Beta Varejo,B2B,Sudeste,MG,P006,Cadeira Ergonômica,Móveis,Loja Física,Diego Alves,Boleto,1,1264.74,0.0,1264.74,0.0,1264.74,900.06,364.68,Concluída,2,
V00187,2026-04-11,C004,Delta Store,B2B,Sul,PR,P002,Mouse Wireless,Acessórios,Loja Física,Bruno Lima,Cartão Crédito,1,96.81,0.05,96.81,4.84,91.97,40.92,51.05,Concluída,7,4.0
V00188,2025-09-07,C001,Alfa Distribuidora,B2B,Sudeste,SP,P006,Cadeira Ergonômica,Móveis,E-commerce,,Pix,5,1238.79,0.1,6193.95,619.4,5574.55,4430.75,1143.8,Cancelada,4,5.0
V00189,2025-08-01,C002,Beta Varejo,B2B,Sudeste,MG,P009,Smartphone X,Telefonia,E-commerce,Bruno Lima,Boleto,3,2970.66,0.0,8911.98,0.0,8911.98,5529.33,3382.65,Concluída,3,5.0
V00190,2025-01-03,C003,Casa Norte,B2C,Norte,AM,P010,Carregador USB-C,Telefonia,Representante,Bruno Lima,Pix,1,122.62,0.0,122.62,0.0,122.62,40.02,82.6,Cancelada,5,4.0
V00191,2025-06-28,C009,Shopping Mix,B2C,Nordeste,PE,P005,Headset Gamer,Acessórios,Loja Física,Ana Souza,Pix,3,253.97,0.0,761.91,0.0,761.91,346.29,415.62,Pendente,5,3.0
V00192,2025-09-01,C001,Alfa Distribuidora,B2B,Sudeste,SP,P006,Cadeira Ergonômica,Móveis,Representante,Ana Souza,Pix,4,1236.44,0.0,4945.76,0.0,4945.76,3363.0,1582.76,Concluída,7,5.0
V00193,2025-05-10,C005,E-commerce Livre,B2C,Sudeste,RJ,P001,Notebook Pro 14,Informática,Marketplace,Fernanda Rocha,,4,4173.16,0.0,16692.64,0.0,16692.64,12038.8,4653.84,Pendente,2,5.0
V00194,2026-04-05,C002,Beta Varejo,B2B,Sudeste,MG,P008,Webcam Full HD,Acessórios,ecommerce,Fernanda Rocha,Cartão Crédito,3,209.26,0.05,627.78,31.39,596.39,272.04,324.35,Devolvida,10,4.0
V00195,2025-08-15,C008,Prime Atacado,B2B,Sul,RS,P009,Smartphone X,Telefonia,Loja Física,Fernanda Rocha,Boleto,2,2884.89,0.1,5769.78,576.98,5192.8,3793.36,1399.44,Concluída,5,5.0
V00196,2025-03-04,C008,Prime Atacado,B2B,Sul,RS,P001,Notebook Pro 14,Informática,Marketplace,Diego Alves,Transferência,1,4441.42,0.1,4441.42,444.14,3997.28,2904.65,1092.63,Concluída,15,3.0
V00197,2026-03-31,C002,Beta Varejo,B2B,Sudeste,MG,P008,Webcam Full HD,Acessórios,Loja Física,Ana Souza,Boleto,6,211.74,0.0,1270.44,0.0,1270.44,581.46,688.98,Concluída,4,4.0
V00198,2025-03-09,C010,Tech Mais,B2C,Sudeste,SP,P003,Teclado Mecânico,Acessórios,E-commerce,Carla Mendes,Boleto,3,299.51,0.0,898.53,0.0,898.53,476.1,422.43,Concluída,5,4.0
V00199,2026-06-28,C007,Loja Avenida,B2C,Centro-Oeste,GO,P010,Carregador USB-C,Telefonia,Representante,Diego Alves,Transferência,5,102.17,0.15,510.85,76.63,434.22,210.35,223.87,Concluída,2,3.0
V00200,2025-08-09,C002,Beta Varejo,B2B,Sudeste,MG,P002,Mouse Wireless,Acessórios,Marketplace,Diego Alves,Pix,3,92.54,0.08,277.62,22.21,255.41,113.73,141.68,Concluída,5,5.0
V00201,2026-04-10,C007,Loja Avenida,B2C,Centro-Oeste,GO,P006,Cadeira Ergonômica,Móveis,Marketplace,Diego Alves,Cartão Crédito,1,1264.78,0.0,1264.78,0.0,1264.78,915.72,349.06,Concluída,4,5.0
V00202,2025-11-17,C006,Mercado Central,B2B,Nordeste,BA,P007,Mesa Office,Móveis,Representante,Carla Mendes,Pix,5,802.45,0.08,4012.25,320.98,3691.27,2057.65,1633.62,Concluída,3,2.0
V00203,2025-04-04,C008,Prime Atacado,B2B,Sul,RS,P002,Mouse Wireless,Acessórios,Loja Física,Ana Souza,Transferência,3,105.08,0.0,315.24,0.0,315.24,107.4,207.84,Concluída,10,4.0
V00204,2025-05-14,C002,Beta Varejo,B2B,Sudeste,MG,P006,Cadeira Ergonômica,Móveis,Loja Física,Fernanda Rocha,Boleto,3,1227.35,0.0,3682.05,0.0,3682.05,2864.73,817.32,Pendente,2,
V00205,2025-12-29,C002,Beta Varejo,B2B,Sudeste,MG,P007,Mesa Office,Móveis,Marketplace,Ana Souza,Boleto,3,850.93,0.03,2552.79,76.58,2476.21,1306.53,1169.68,Concluída,5,3.0
V00206,2025-12-27,C010,Tech Mais,B2C,Sudeste,SP,P005,Headset Gamer,Acessórios,Loja Física,Fernanda Rocha,Pix,1,232.26,0.05,232.26,11.61,220.65,100.42,120.23,Concluída,15,3.0
V00207,2025-08-18,C003,Casa Norte,B2C,Norte,AM,P008,Webcam Full HD,Acessórios,Loja Física,Carla Mendes,Boleto,4,209.5,0.08,838.0,67.04,770.96,342.68,428.28,Concluída,7,
V00208,2025-08-20,C002,Beta Varejo,B2B,Sudeste,MG,P005,Headset Gamer,Acessórios,Marketplace,Fernanda Rocha,Cartão Crédito,4,242.25,0.05,969.0,48.45,920.55,452.08,468.47,Concluída,2,
V00209,2025-01-30,C010,Tech Mais,B2C,Sudeste,SP,P005,Headset Gamer,Acessórios,E-commerce,Carla Mendes,Boleto,4,251.72,0.0,1006.88,0.0,1006.88,436.2,570.68,Concluída,5,3.0
V00210,2025-01-07,C006,Mercado Central,B2B,Nordeste,BA,P006,Cadeira Ergonômica,Móveis,E-commerce,Bruno Lima,Transferência,4,1511.83,0.0,6047.32,0.0,6047.32,3813.72,2233.6,Concluída,7,5.0
V00211,2025-02-01,C002,Beta Varejo,B2B,Sudeste,MG,P003,Teclado Mecânico,Acessórios,Loja Física,Fernanda Rocha,Pix,3,339.99,0.08,1019.97,81.6,938.37,431.85,506.52,Concluída,5,5.0
V00212,2026-04-10,C007,Loja Avenida,B2C,Centro-Oeste,GO,P007,Mesa Office,Móveis,Representante,Bruno Lima,Boleto,5,838.9,0.0,4194.5,0.0,4194.5,2294.5,1900.0,Concluída,5,1.0
V00213,2025-03-28,C005,E-commerce Livre,B2C,Sudeste,RJ,P006,Cadeira Ergonômica,Móveis,Loja Física,Bruno Lima,Pix,2,1323.84,0.0,2647.68,0.0,2647.68,1818.62,829.06,Concluída,4,4.0
V00214,2025-03-25,C010,Tech Mais,B2C,Sudeste,SP,P001,Notebook Pro 14,Informática,Representante,Diego Alves,Transferência,2,3990.0,0.0,7980.0,0.0,7980.0,6274.58,1705.42,Concluída,5,4.0
V00215,2026-03-29,C008,Prime Atacado,B2B,Sul,RS,P010,Carregador USB-C,Telefonia,Marketplace,Carla Mendes,Pix,2,119.89,0.03,239.78,7.19,232.59,84.52,148.07,Concluída,4,4.0
V00216,2025-12-20,C009,Shopping Mix,B2C,Nordeste,PE,P002,Mouse Wireless,Acessórios,Marketplace,Ana Souza,Boleto,2,97.63,0.03,195.26,5.86,189.4,78.24,111.16,Concluida,7,5.0
V00217,2026-06-24,C010,Tech Mais,B2C,Sudeste,SP,P008,Webcam Full HD,Acessórios,Representante,Ana Souza,Pix,8,189.84,0.0,1518.72,0.0,1518.72,663.36,855.36,Concluída,10,4.0
V00218,2025-02-26,C007,Loja Avenida,B2C,Centro-Oeste,GO,P010,Carregador USB-C,Telefonia,Loja Física,Bruno Lima,Boleto,8,100.46,0.1,803.68,80.37,723.31,330.4,392.91,Concluída,4,4.0
V00219,2025-09-19,C004,Delta Store,B2B,Sul,PR,P003,Teclado Mecânico,Acessórios,Representante,Carla Mendes,Cartão Crédito,2,309.63,0.08,619.26,49.54,569.72,294.94,274.78,Concluída,5,5.0
V00220,2026-03-17,C001,Alfa Distribuidora,B2B,Sudeste,SP,P008,Webcam Full HD,Acessórios,E-commerce,Bruno Lima,Transferência,2,208.11,0.0,416.22,0.0,416.22,171.46,244.76,Concluída,3,4.0
V00221,2026-05-28,C009,Shopping Mix,B2C,Nordeste,PE,P004,Monitor 24,Informática,Representante,Ana Souza,Transferência,4,821.93,0.03,3287.72,98.63,3189.09,2357.48,831.61,Pendente,4,5.0
V00222,2025-01-20,C001,Alfa Distribuidora,B2B,Sudeste,SP,P007,Mesa Office,Móveis,Marketplace,Ana Souza,Boleto,3,709.45,0.05,2128.35,106.42,2021.93,1407.72,614.21,Concluída,7,5.0
V00223,2026-02-19,C010,Tech Mais,B2C,Sudeste,SP,P007,Mesa Office,Móveis,Marketplace,Carla Mendes,Cartão Crédito,1,738.39,0.05,738.39,36.92,701.47,427.41,274.06,Cancelada,10,4.0
V00224,2025-11-29,C007,Loja Avenida,B2C,Centro-Oeste,GO,P001,Notebook Pro 14,Informática,E-commerce,Fernanda Rocha,Transferência,1,4501.21,0.0,4501.21,0.0,4501.21,3257.62,1243.59,Concluída,5,3.0
V00225,2026-03-24,C006,Mercado Central,B2B,Nordeste,BA,P002,Mouse Wireless,Acessórios,Loja Física,Bruno Lima,Transferência,3,94.94,0.03,284.82,8.54,276.28,108.33,167.95,Concluida,7,3.0
V00226,2026-06-21,C010,Tech Mais,B2C,Sudeste,SP,P007,Mesa Office,Móveis,Loja Física,Diego Alves,Boleto,1,706.06,0.05,706.06,35.3,670.76,442.59,228.17,Concluída,3,4.0
V00227,2025-12-08,C006,Mercado Central,B2B,Nordeste,,P004,Monitor 24,Informática,E-commerce,Ana Souza,Cartão Crédito,3,898.27,0.15,2694.81,404.22,2290.59,1728.54,562.05,Concluída,4,4.0
V00228,2025-07-18,C009,Shopping Mix,B2C,Nordeste,PE,P009,Smartphone X,Telefonia,Representante,Carla Mendes,Pix,4,2946.54,0.15,11786.16,1767.92,10018.24,7469.44,2548.8,Concluída,7,5.0
V00229,2025-05-30,C004,Delta Store,B2B,Sul,PR,P002,Mouse Wireless,Acessórios,Representante,Bruno Lima,Pix,2,87.16,0.0,174.32,0.0,174.32,82.16,92.16,Concluída,4,3.0
V00230,2025-03-19,C010,Tech Mais,B2C,Sudeste,SP,P003,Teclado Mecânico,Acessórios,E-commerce,Diego Alves,Transferência,2,292.89,0.03,585.78,17.57,568.21,270.32,297.89,Cancelada,3,4.0
V00231,2026-04-05,C010,Tech Mais,B2C,Sudeste,SP,P010,Carregador USB-C,Telefonia,Representante,Carla Mendes,Pix,6,114.75,0.03,688.5,20.65,667.85,246.54,421.31,Concluída,5,
V00232,2026-04-26,C008,Prime Atacado,B2B,Sul,RS,P002,Mouse Wireless,Acessórios,Marketplace,Carla Mendes,Boleto,4,97.16,0.05,388.64,19.43,369.21,152.56,216.65,Concluída,5,
V00233,2025-12-27,C010,Tech Mais,B2C,Sudeste,SP,P001,Notebook Pro 14,Informática,Loja Física,Carla Mendes,Transferência,1,4417.56,0.0,4417.56,0.0,4417.56,3100.17,1317.39,Concluída,4,5.0
V00234,2025-02-28,C008,Prime Atacado,B2B,Sudeste ,RS,P001,Notebook Pro 14,Informática,Representante,Carla Mendes,Cartão Crédito,2,4394.38,0.08,8788.76,703.1,8085.66,6630.04,1455.62,Concluída,4,3.0
V00235,2026-06-04,C002,Beta Varejo,B2B,Sudeste,MG,P010,Carregador USB-C,Telefonia,Marketplace,Diego Alves,Cartão Crédito,10,121.43,0.03,1214.3,36.43,1177.87,450.1,727.77,Concluída,5,2.0
V00236,2025-07-12,C008,Prime Atacado,B2B,Sul,RS,P010,Carregador USB-C,Telefonia,Representante,Fernanda Rocha,Transferência,4,102.09,0.08,408.36,32.67,375.69,178.2,197.49,Concluída,2,4.0
V00237,2025-03-05,C009,Shopping Mix,B2C,Nordeste,PE,P003,Teclado Mecânico,Acessórios,ecommerce,Ana Souza,Boleto,2,313.35,0.0,626.7,0.0,626.7,315.7,311.0,Concluída,4,4.0
V00238,2025-06-26,C002,Beta Varejo,B2B,Sudeste,MG,P009,Smartphone X,Telefonia,Loja Física,Bruno Lima,Transferência,2,2889.97,0.03,5779.94,173.4,5606.54,4298.54,1308.0,Concluída,15,5.0
V00239,2026-06-20,C008,Prime Atacado,B2B,Sul,RS,P009,Smartphone X,Telefonia,ecommerce,Carla Mendes,Boleto,1,3093.25,0.0,3093.25,0.0,3093.25,2112.94,980.31,Concluída,7,5.0
V00240,2026-02-23,C005,E-commerce Livre,B2C,Sudeste,RJ,P007,Mesa Office,Móveis,Representante,Fernanda Rocha,Cartão Crédito,5,837.57,0.0,4187.85,0.0,4187.85,2009.3,2178.55,Concluída,3,5.0
V00241,2025-12-04,C006,Mercado Central,B2B,Nordeste,BA,P002,Mouse Wireless,Acessórios,Loja Física,Fernanda Rocha,Transferência,2,105.89,0.05,211.78,10.59,201.19,81.18,120.01,Concluída,7,
V00242,2025-06-03,C005,E-commerce Livre,B2C,Sudeste,RJ,P005,Headset Gamer,Acessórios,Representante,Ana Souza,Pix,3,248.01,0.08,744.03,59.52,684.51,299.7,384.81,Concluída,4,3.0
V00243,2026-02-06,C006,Mercado Central,B2B,Nordeste,BA,P005,Headset Gamer,Acessórios,E-commerce,Fernanda Rocha,Cartão Crédito,2,219.6,0.0,439.2,0.0,439.2,198.3,240.9,Pendente,5,
V00244,2026-01-21,C005,E-commerce Livre,B2C,Sudeste,RJ,P009,Smartphone X,Telefonia,Representante,Bruno Lima,Cartão Crédito,2,2712.08,0.03,5424.16,162.72,5261.44,3956.48,1304.96,Concluída,5,3.0
V00245,2026-01-06,C007,Loja Avenida,B2C,Centro-Oeste,GO,P009,Smartphone X,Telefonia,Loja Física,Carla Mendes,Boleto,3,2920.52,0.0,8761.56,0.0,8761.56,5530.41,3231.15,Cancelada,4,2.0
V00246,2025-12-16,C003,Casa Norte,B2C,Norte,AM,P004,Monitor 24,Informática,Marketplace,Bruno Lima,Pix,10,812.31,0.05,8123.1,406.16,7716.94,6692.1,1024.84,Concluída,3,3.0
V00247,2025-03-21,C003,Casa Norte,B2C,Norte,AM,P003,Teclado Mecânico,Acessórios,Representante,Ana Souza,Cartão Crédito,2,295.11,0.05,590.22,29.51,560.71,270.06,290.65,Concluída,15,5.0
V00248,2025-05-15,C006,Mercado Central,B2B,Nordeste,BA,P010,Carregador USB-C,Telefonia,Marketplace,Bruno Lima,Pix,3,106.41,0.05,319.23,15.96,303.27,127.86,175.41,Concluída,3,5.0
V00249,2025-06-19,C003,Casa Norte,B2C,Norte,AM,P010,Carregador USB-C,Telefonia,Marketplace,Ana Souza,Transferência,2,103.71,0.0,207.42,0.0,207.42,83.54,123.88,Cancelada,7,5.0
V00250,2026-03-31,C006,Mercado Central,B2B,Nordeste,BA,P004,Monitor 24,Informática,Representante,Diego Alves,Pix,1,882.48,0.03,882.48,26.47,856.01,563.31,292.7,Concluída,7,3.0
V00251,2025-11-13,C009,Shopping Mix,B2C,Nordeste,PE,P004,Monitor 24,Informática,Marketplace,Bruno Lima,Boleto,3,843.14,0.0,2529.42,0.0,2529.42,1763.04,766.38,Pendente,7,
V00252,2026-04-18,C010,Tech Mais,B2C,Sudeste,SP,P008,Webcam Full HD,Acessórios,Representante,Diego Alves,Transferência,3,194.07,0.03,582.21,17.47,564.74,270.48,294.26,Cancelada,2,4.0
V00253,2025-05-22,C003,Casa Norte,B2C,Norte,AM,P004,Monitor 24,Informática,Representante,Ana Souza,Transferência,1,864.57,0.05,864.57,43.23,821.34,613.47,207.87,Concluída,4,4.0
V00254,2025-04-16,C006,Mercado Central,B2B,Nordeste,BA,P009,Smartphone X,Telefonia,Loja Física,Carla Mendes,Cartão Crédito,5,3069.52,0.1,15347.6,1534.76,13812.84,10510.25,3302.59,Concluída,5,4.0
V00255,2026-04-06,C003,Casa Norte,B2C,Norte,AM,P005,Headset Gamer,Acessórios,E-commerce,Diego Alves,Cartão Crédito,2,260.4,0.0,520.8,0.0,520.8,227.28,293.52,Concluída,5,5.0
V00256,2025-12-24,C004,Delta Store,B2B,Sudeste ,PR,P008,Webcam Full HD,Acessórios,Loja Física,Diego Alves,Cartão Crédito,6,218.41,0.05,1310.46,65.52,1244.94,503.28,741.66,Concluída,3,5.0
V00257,2026-01-18,C007,Loja Avenida,B2C,Centro-Oeste,GO,P009,Smartphone X,Telefonia,E-commerce,Diego Alves,Cartão Crédito,3,2939.02,0.0,8817.06,0.0,8817.06,5555.46,3261.6,Concluída,2,2.0
V00258,2025-01-29,C006,Mercado Central,B2B,Nordeste,BA,P004,Monitor 24,Informática,Representante,Ana Souza,Boleto,1,988.28,0.05,988.28,49.41,938.87,599.99,338.88,Concluída,4,5.0
V00259,2025-02-09,C003,Casa Norte,B2C,Norte,AM,P003,Teclado Mecânico,Acessórios,Representante,Diego Alves,Pix,4,301.04,0.0,1204.16,0.0,1204.16,543.88,660.28,Concluída,7,4.0
V00260,2025-01-06,C008,Prime Atacado,B2B,Sul,RS,P008,Webcam Full HD,Acessórios,Loja Física,Ana Souza,Boleto,1,192.8,0.15,192.8,28.92,163.88,87.59,76.29,Concluida,5,4.0
V00261,2026-06-25,C004,Delta Store,B2B,Sul,PR,P003,Teclado Mecânico,Acessórios,Marketplace,Ana Souza,Boleto,1,296.55,0.05,296.55,14.83,281.72,153.62,128.1,Concluída,5,2.0
V00262,2025-05-05,C004,Delta Store,B2B,Sul,PR,P005,Headset Gamer,Acessórios,ecommerce,Bruno Lima,Transferência,10,258.17,0.0,2581.7,0.0,2581.7,1151.2,1430.5,Concluída,5,5.0
V00263,2025-03-06,C010,Tech Mais,B2C,Sudeste,SP,P008,Webcam Full HD,Acessórios,Loja Física,Diego Alves,Cartão Crédito,5,219.33,0.0,1096.65,0.0,1096.65,441.4,655.25,Pendente,3,4.0
V00264,2025-09-05,C009,Shopping Mix,B2C,Nordeste,PE,P010,Carregador USB-C,Telefonia,E-commerce,Carla Mendes,Transferência,2,109.63,0.05,219.26,10.96,208.3,91.54,116.76,Concluída,3,3.0
V00265,2025-12-28,C001,Alfa Distribuidora,B2B,Sudeste,SP,P010,Carregador USB-C,Telefonia,E-commerce,Fernanda Rocha,Transferência,6,114.63,0.0,687.78,0.0,687.78,268.86,418.92,Devolvida,7,
V00266,2026-06-21,C003,Casa Norte,B2C,Norte,AM,P002,Mouse Wireless,Acessórios,Representante,Ana Souza,Cartão Crédito,2,101.28,0.03,202.56,6.08,196.48,81.44,115.04,Concluída,7,5.0
V00267,2025-02-14,C007,Loja Avenida,B2C,Centro-Oeste,GO,P008,Webcam Full HD,Acessórios,Marketplace,Carla Mendes,Boleto,1,214.18,0.15,214.18,32.13,182.05,97.99,84.06,Concluída,3,3.0
V00268,2025-03-11,C001,Alfa Distribuidora,B2B,Sudeste,SP,P006,Cadeira Ergonômica,Móveis,Representante,Bruno Lima,Cartão Crédito,4,1457.88,0.0,5831.52,0.0,5831.52,3518.48,2313.04,Cancelada,7,4.0
V00269,2025-05-17,C010,Tech Mais,B2C,Sudeste,SP,P006,Cadeira Ergonômica,Móveis,Loja Física,Carla Mendes,Boleto,3,1365.98,0.0,4097.94,0.0,4097.94,2666.64,1431.3,Concluída,7,5.0
V00270,2026-05-06,C003,Casa Norte,B2C,Norte,AM,P008,Webcam Full HD,Acessórios,E-commerce,Bruno Lima,Cartão Crédito,5,196.4,0.03,982.0,29.46,952.54,414.75,537.79,Concluída,7,
V00271,2025-10-28,C008,Prime Atacado,B2B,Sul,RS,P001,Notebook Pro 14,Informática,E-commerce,Ana Souza,Pix,1,4150.98,0.08,4150.98,332.08,3818.9,2918.02,900.88,Concluída,7,5.0
V00272,2025-11-14,C001,Alfa Distribuidora,B2B,Sudeste,SP,P006,Cadeira Ergonômica,Móveis,Marketplace,Fernanda Rocha,Transferência,1,1320.55,0.08,1320.55,105.64,1214.91,887.19,327.72,Concluída,7,2.0
V00273,2025-07-15,C005,E-commerce Livre,B2C,Sudeste,RJ,P001,Notebook Pro 14,Informática,Representante,Carla Mendes,Cartão Crédito,4,-3967.09,0.1,15868.36,1586.84,14281.52,12032.0,2249.52,Concluída,3,4.0
V00274,2025-05-08,C006,Mercado Central,B2B,Nordeste,BA,P005,Headset Gamer,Acessórios,Representante,Diego Alves,Transferência,6,268.61,0.0,1611.66,0.0,1611.66,630.48,981.18,Concluída,10,5.0
V00275,2025-12-14,C008,Prime Atacado,B2B,Sul,RS,P007,Mesa Office,Móveis,ecommerce,Diego Alves,,2,772.81,0.05,1545.62,77.28,1468.34,791.7,676.64,Concluída,4,5.0
V00276,2025-10-01,C006,Mercado Central,B2B,Nordeste,BA,P009,Smartphone X,Telefonia,Loja Física,Diego Alves,Cartão Crédito,1,2882.33,0.03,2882.33,86.47,2795.86,2050.52,745.34,Concluída,5,5.0
V00277,2025-07-04,C007,Loja Avenida,B2C,Centro-Oeste,GO,P010,Carregador USB-C,Telefonia,Representante,Carla Mendes,Cartão Crédito,3,113.6,0.05,340.8,17.04,323.76,134.19,189.57,Concluída,7,4.0
V00278,2025-10-30,C002,Beta Varejo,B2B,Sudeste,MG,P006,Cadeira Ergonômica,Móveis,Representante,Diego Alves,Transferência,1,1232.39,0.0,1232.39,0.0,1232.39,923.31,309.08,Concluída,7,4.0
V00279,2025-12-26,C003,Casa Norte,B2C,Norte,AM,P008,Webcam Full HD,Acessórios,Marketplace,Ana Souza,Boleto,2,195.81,0.0,391.62,0.0,391.62,179.66,211.96,Concluída,3,5.0
V00280,2025-10-09,C010,Tech Mais,B2C,Sudeste,SP,P007,Mesa Office,Móveis,Loja Física,Ana Souza,Transferência,4,873.32,0.1,3493.28,349.33,3143.95,1781.32,1362.63,Concluída,5,5.0
V00281,2025-06-13,C006,Mercado Central,B2B,Nordeste,BA,P009,Smartphone X,Telefonia,Loja Física,Bruno Lima,Transferência,1,2772.5,0.08,2772.5,221.8,2550.7,1958.4,592.3,Concluída,5,3.0
V00282,2025-03-10,C001,Alfa Distribuidora,B2B,Sudeste,SP,P003,Teclado Mecânico,Acessórios,E-commerce,Carla Mendes,Boleto,2,311.55,0.0,623.1,0.0,623.1,268.06,355.04,Cancelada,3,4.0
V00283,2025-02-03,C007,Loja Avenida,B2C,Centro-Oeste,GO,P010,Carregador USB-C,Telefonia,E-commerce,Diego Alves,Boleto,2,121.76,0.0,243.52,0.0,243.52,83.78,159.74,Devolvida,7,3.0
V00284,2025-03-20,C006,Mercado Central,B2B,Nordeste,BA,P008,Webcam Full HD,Acessórios,E-commerce,Fernanda Rocha,,5,210.17,0.03,1050.85,31.53,1019.32,424.8,594.52,Concluída,7,4.0
V00285,2025-10-13,C007,Loja Avenida,B2C,Centro-Oeste,GO,P006,Cadeira Ergonômica,Móveis,E-commerce,Ana Souza,Cartão Crédito,2,1431.66,0.08,2863.32,229.07,2634.25,1650.58,983.67,Concluída,3,5.0
V00286,2026-06-15,C003,Casa Norte,B2C,Norte,AM,P008,Webcam Full HD,Acessórios,Marketplace,Fernanda Rocha,Cartão Crédito,4,233.2,0.0,932.8,0.0,932.8,334.88,597.92,Concluída,3,4.0
V00287,2026-04-02,C005,E-commerce Livre,B2C,Sudeste,RJ,P005,Headset Gamer,Acessórios,E-commerce,Fernanda Rocha,Boleto,6,229.18,0.0,1375.08,0.0,1375.08,665.7,709.38,Concluída,7,2.0
V00288,2025-05-06,C008,Prime Atacado,B2B,Sul,RS,P004,Monitor 24,Informática,E-commerce,Ana Souza,Transferência,3,807.58,0.0,2422.74,0.0,2422.74,1982.19,440.55,Concluída,5,4.0
V00289,2025-03-31,C003,Casa Norte,B2C,Norte,AM,P008,Webcam Full HD,Acessórios,Representante,Carla Mendes,Cartão Crédito,2,230.57,0.0,461.14,0.0,461.14,187.1,274.04,Pendente,5,
V00290,2025-10-25,C009,Shopping Mix,B2C,Nordeste,PE,P009,Smartphone X,Telefonia,Representante,Bruno Lima,Pix,1,2777.98,0.0,2777.98,0.0,2777.98,2082.06,695.92,Pendente,3,5.0
V00291,2025-08-18,C006,Mercado Central,B2B,Nordeste,BA,P009,Smartphone X,Telefonia,Loja Física,Bruno Lima,Pix,1,2868.24,0.03,2868.24,86.05,2782.19,2168.02,614.17,Concluída,4,3.0
V00292,2025-01-27,C004,Delta Store,B2B,Sul,PR,P008,Webcam Full HD,Acessórios,Representante,Fernanda Rocha,Boleto,1,199.41,0.0,199.41,0.0,199.41,96.58,102.83,Concluída,5,3.0
V00293,2025-05-13,C008,Prime Atacado,B2B,Sul,RS,P009,Smartphone X,Telefonia,Loja Física,Ana Souza,Boleto,6,2965.25,0.0,17791.5,0.0,17791.5,12443.22,5348.28,Concluída,2,4.0
V00294,2026-06-23,C007,Loja Avenida,B2C,Centro-Oeste,GO,P008,Webcam Full HD,Acessórios,Marketplace,Diego Alves,Cartão Crédito,3,196.66,0.1,589.98,59.0,530.98,289.71,241.27,Concluída,4,4.0
V00295,2025-03-17,C003,Casa Norte,B2C,Norte,AM,P006,Cadeira Ergonômica,Móveis,Marketplace,Diego Alves,Boleto,4,1376.99,0.0,5507.96,0.0,5507.96,3522.64,1985.32,Cancelada,4,2.0
V00296,2025-07-06,C003,Casa Norte,B2C,Norte,AM,P009,Smartphone X,Telefonia,E-commerce,Diego Alves,Cartão Crédito,5,2644.04,0.0,13220.2,0.0,13220.2,9401.5,3818.7,Concluída,7,4.0
V00297,2025-06-06,C002,Beta Varejo,B2B,Sudeste,MG,P009,Smartphone X,Telefonia,Representante,Bruno Lima,Pix,1,3060.74,0.08,3060.74,244.86,2815.88,2131.87,684.01,Concluída,4,
V00298,2025-12-21,C006,Mercado Central,B2B,Nordeste,BA,P004,Monitor 24,Informática,Representante,Ana Souza,Boleto,5,806.32,0.0,4031.6,0.0,4031.6,3060.7,970.9,Devolvida,5,4.0
V00299,2025-10-09,C004,Delta Store,B2B,Sul,PR,P009,Smartphone X,Telefonia,E-commerce,Carla Mendes,Cartão Crédito,1,2924.58,0.08,2924.58,233.97,2690.61,1957.18,733.43,Concluida,15,3.0
V00300,2025-06-07,C009,Shopping Mix,B2C,Nordeste,PE,P003,Teclado Mecânico,Acessórios,E-commerce,Fernanda Rocha,Boleto,3,308.21,0.08,924.63,73.97,850.66,445.44,405.22,Concluída,7,4.0
V00301,2025-01-30,C010,Tech Mais,B2C,Sudeste,SP,P001,Notebook Pro 14,Informática,Loja Física,Ana Souza,Boleto,8,4272.52,0.0,34180.16,0.0,34180.16,25504.4,8675.76,Cancelada,4,5.0
V00302,2026-03-03,C004,Delta Store,B2B,Sul,PR,P010,Carregador USB-C,Telefonia,Loja Física,Diego Alves,Boleto,6,105.7,0.15,634.2,95.13,539.07,238.2,300.87,Concluída,3,5.0
V00303,2025-09-08,C005,E-commerce Livre,B2C,Sudeste,RJ,P008,Webcam Full HD,Acessórios,Marketplace,Carla Mendes,Transferência,4,196.03,0.0,784.12,0.0,784.12,371.08,413.04,Concluída,10,5.0
V00304,2025-06-11,C002,Beta Varejo,B2B,Sudeste,MG,P001,Notebook Pro 14,Informática,Marketplace,Diego Alves,Transferência,3,4673.62,0.0,14020.86,0.0,14020.86,10038.84,3982.02,Concluída,5,3.0
V00305,2025-12-15,C008,Prime Atacado,B2B,Sul,RS,P004,Monitor 24,Informática,E-commerce,Carla Mendes,Boleto,6,884.7,0.0,5308.2,0.0,5308.2,3375.48,1932.72,Concluída,5,5.0
V00306,2025-05-14,C006,Mercado Central,B2B,Nordeste,BA,P007,Mesa Office,Móveis,Representante,Fernanda Rocha,Cartão Crédito,6,715.63,0.05,4293.78,214.69,4079.09,2460.66,1618.43,Cancelada,7,4.0
V00307,2026-04-23,C006,Mercado Central,B2B,Nordeste,BA,P004,Monitor 24,Informática,Loja Física,Carla Mendes,Transferência,4,862.55,0.03,3450.2,103.51,3346.69,2605.68,741.01,Concluída,4,4.0
V00308,2025-04-10,C004,Delta Store,B2B,Sul,PR,P003,Teclado Mecânico,Acessórios,Loja Física,Carla Mendes,Transferência,5,311.6,0.0,1558.0,0.0,1558.0,759.9,798.1,Cancelada,2,4.0
V00309,2025-09-12,C010,Tech Mais,B2C,Sudeste,SP,P007,Mesa Office,Móveis,E-commerce,Carla Mendes,Boleto,1,761.71,0.03,761.71,22.85,738.86,453.56,285.3,Concluída,5,4.0
V00310,2026-05-26,C004,Delta Store,B2B,Sul,PR,P003,Teclado Mecânico,Acessórios,Marketplace,Diego Alves,Boleto,5,321.18,0.15,1605.9,240.88,1365.02,749.75,615.27,Concluída,5,4.0
V00311,2025-04-03,C008,Prime Atacado,B2B,Sul,RS,P001,Notebook Pro 14,Informática,Marketplace,Fernanda Rocha,Transferência,4,3844.35,0.0,15377.4,0.0,15377.4,13103.2,2274.2,Concluída,7,4.0
V00312,2025-12-28,C004,Delta Store,B2B,Sul,PR,P004,Monitor 24,Informática,Loja Física,Ana Souza,Boleto,4,936.91,0.03,3747.64,112.43,3635.21,2378.88,1256.33,Concluída,2,4.0
V00313,2026-04-27,C008,Prime Atacado,B2B,Sul,RS,P010,Carregador USB-C,Telefonia,Representante,Fernanda Rocha,Cartão Crédito,4,121.71,0.08,486.84,38.95,447.89,177.72,270.17,Cancelada,5,4.0
V00314,2025-05-18,C002,Beta Varejo,B2B,Sudeste,MG,P007,Mesa Office,Móveis,Representante,Carla Mendes,Transferência,6,817.1,0.03,4902.6,147.08,4755.52,2425.14,2330.38,Concluída,4,5.0
V00315,2026-02-15,C006,Mercado Central,B2B,Nordeste,BA,P001,Notebook Pro 14,Informática,Loja Física,Fernanda Rocha,Pix,3,4131.49,0.15,12394.47,1859.17,10535.3,8600.37,1934.93,Concluída,2,5.0
V00316,2025-10-23,C006,Mercado Central,B2B,Nordeste,BA,P009,Smartphone X,Telefonia,Loja Física,Diego Alves,Transferência,8,2692.5,0.08,21540.0,1723.2,19816.8,15406.0,4410.8,Devolvida,7,5.0
V00317,2025-05-02,C009,Shopping Mix,B2C,Nordeste,PE,P005,Headset Gamer,Acessórios,E-commerce,Ana Souza,Transferência,1,266.84,0.05,266.84,13.34,253.5,102.36,151.14,Cancelada,3,5.0
V00318,2026-01-10,C006,Mercado Central,B2B,Nordeste,BA,P006,Cadeira Ergonômica,Móveis,E-commerce,Bruno Lima,Transferência,1,1423.99,0.03,1423.99,42.72,1381.27,815.52,565.75,Concluída,2,4.0
V00319,2025-02-16,C009,Shopping Mix,B2C,Nordeste,PE,P001,Notebook Pro 14,Informática,Loja Física,Bruno Lima,Boleto,2,4332.88,0.0,8665.76,0.0,8665.76,5941.32,2724.44,Concluida,2,
V00320,2026-04-13,C008,Prime Atacado,B2B,Sul,RS,P009,Smartphone X,Telefonia,E-commerce,Fernanda Rocha,Pix,6,2931.37,0.03,17588.22,527.65,17060.57,12837.72,4222.85,Concluída,2,4.0
V00321,2025-11-23,C006,Mercado Central,B2B,Nordeste,BA,P010,Carregador USB-C,Telefonia,E-commerce,Diego Alves,Boleto,5,99.84,0.03,499.2,14.98,484.22,230.85,253.37,Cancelada,5,2.0
V00322,2026-06-04,C010,Tech Mais,B2C,Sudeste,SP,P006,Cadeira Ergonômica,Móveis,Marketplace,Fernanda Rocha,Boleto,5,1392.9,0.0,6964.5,0.0,6964.5,4075.5,2889.0,Devolvida,5,5.0
V00323,2026-01-13,C008,Prime Atacado,B2B,Sul,RS,P001,Notebook Pro 14,Informática,Representante,Ana Souza,Transferência,6,4308.32,0.03,25849.92,775.5,25074.42,18253.8,6820.62,Concluída,4,5.0
V00324,2025-01-28,C010,Tech Mais,B2C,Sudeste,SP,P005,Headset Gamer,Acessórios,Marketplace,,Pix,3,263.13,0.0,789.39,0.0,789.39,324.21,465.18,Concluída,5,5.0
V00325,2026-05-07,C001,Alfa Distribuidora,B2B,Sudeste,SP,P010,Carregador USB-C,Telefonia,E-commerce,,Transferência,1,111.4,0.0,111.4,0.0,111.4,41.55,69.85,Concluída,5,
V00326,2025-02-02,C003,Casa Norte,B2C,Norte,AM,P004,Monitor 24,Informática,Loja Física,Bruno Lima,Cartão Crédito,3,946.6,0.03,2839.8,85.19,2754.61,1892.46,862.15,Concluída,3,4.0
V00327,2026-03-05,C008,Prime Atacado,B2B,Sul,RS,P006,Cadeira Ergonômica,Móveis,E-commerce,Diego Alves,Pix,3,1228.56,0.0,3685.68,0.0,3685.68,2531.25,1154.43,Pendente,4,4.0
V00328,2026-04-28,C007,Loja Avenida,B2C,Centro-Oeste,GO,P009,Smartphone X,Telefonia,Loja Física,Bruno Lima,Pix,1,2896.24,0.0,2896.24,0.0,2896.24,1895.37,1000.87,Concluída,2,1.0
V00329,2026-05-05,C009,Shopping Mix,B2C,Nordeste,PE,P006,Cadeira Ergonômica,Móveis,Marketplace,Carla Mendes,Pix,1,1225.91,0.0,1225.91,0.0,1225.91,853.47,372.44,Cancelada,5,4.0
V00330,2025-12-17,C008,Prime Atacado,B2B,Sul,RS,P009,Smartphone X,Telefonia,Representante,Carla Mendes,Transferência,2,3093.96,0.0,6187.92,0.0,6187.92,3705.28,2482.64,Concluída,2,4.0
V00331,2025-10-13,C004,Delta Store,B2B,Sul,PR,P004,Monitor 24,Informática,Representante,Bruno Lima,Boleto,3,972.17,0.03,2916.51,87.5,2829.01,1914.93,914.08,Pendente,3,4.0
V00332,2026-05-16,C005,E-commerce Livre,B2C,Sudeste,RJ,P004,Monitor 24,Informática,Representante,Diego Alves,Boleto,2,883.59,0.0,1767.18,0.0,1767.18,1321.72,445.46,Concluída,5,4.0
V00333,2025-10-22,C009,Shopping Mix,B2C,Nordeste,PE,P005,Headset Gamer,Acessórios,Loja Física,Fernanda Rocha,Transferência,5,266.43,0.08,1332.15,106.57,1225.58,483.15,742.43,Concluída,2,4.0
V00334,2025-05-30,C007,Loja Avenida,B2C,Centro-Oeste,GO,P006,Cadeira Ergonômica,Móveis,Representante,Ana Souza,Boleto,1,1394.33,0.05,1394.33,69.72,1324.61,818.33,506.28,Concluída,4,4.0
V00335,2026-03-29,C002,Beta Varejo,B2B,Sudeste,MG,P006,Cadeira Ergonômica,Móveis,Representante,Diego Alves,Pix,1,1339.43,0.05,1339.43,66.97,1272.46,811.52,460.94,Concluída,4,
V00336,2025-10-05,C004,Delta Store,B2B,Sul,PR,P009,Smartphone X,Telefonia,Representante,Bruno Lima,Cartão Crédito,4,2938.06,0.0,11752.24,0.0,11752.24,8132.72,3619.52,Concluída,5,
V00337,2025-09-03,C010,Tech Mais,B2C,Sudeste,SP,P010,Carregador USB-C,Telefonia,E-commerce,Ana Souza,Pix,3,120.14,0.05,360.42,18.02,342.4,118.65,223.75,Devolvida,2,4.0
V00338,2025-04-13,C004,Delta Store,B2B,Sul,PR,P001,Notebook Pro 14,Informática,Marketplace,Carla Mendes,Transferência,1,3790.82,0.0,3790.82,0.0,3790.82,2967.98,822.84,Concluída,5,2.0
V00339,2025-01-06,C002,Beta Varejo,B2B,Sudeste,MG,P003,Teclado Mecânico,Acessórios,E-commerce,Diego Alves,Transferência,1,327.33,0.0,327.33,0.0,327.33,152.43,174.9,Concluída,7,5.0
V00340,2025-10-22,C008,Prime Atacado,B2B,Sul,RS,P004,Monitor 24,Informática,Representante,Carla Mendes,Cartão Crédito,2,932.77,0.0,1865.54,0.0,1865.54,1189.66,675.88,Cancelada,4,5.0
V00341,2025-08-26,C002,Beta Varejo,B2B,Sudeste,MG,P010,Carregador USB-C,Telefonia,Loja Física,Bruno Lima,Transferência,5,119.75,0.1,598.75,59.88,538.87,209.5,329.37,Concluída,5,4.0
V00342,2026-02-11,C003,Casa Norte,B2C,Norte,AM,P001,Notebook Pro 14,Informática,Marketplace,Bruno Lima,Boleto,3,4431.96,0.05,13295.88,664.79,12631.09,9034.89,3596.2,Concluída,4,3.0
V00343,2025-11-02,C001,Alfa Distribuidora,B2B,Sudeste,SP,P001,Notebook Pro 14,Informática,Loja Física,Carla Mendes,Boleto,6,4099.59,0.0,24597.54,0.0,24597.54,16919.82,7677.72,Concluída,5,4.0
V00344,2026-06-21,C008,Prime Atacado,B2B,Sul,RS,P009,Smartphone X,Telefonia,Marketplace,Bruno Lima,Transferência,1,2772.33,0.0,2772.33,0.0,2772.33,2062.93,709.4,Concluída,4,3.0
V00345,2025-04-26,C005,E-commerce Livre,B2C,Sudeste,RJ,P004,Monitor 24,Informática,Representante,Bruno Lima,Transferência,10,889.89,0.05,8898.9,444.94,8453.96,5766.3,2687.66,Concluída,2,4.0
V00346,2025-01-15,C005,E-commerce Livre,B2C,Sudeste,RJ,P003,Teclado Mecânico,Acessórios,Representante,Carla Mendes,,10,315.05,0.0,3150.5,0.0,3150.5,1342.1,1808.4,Concluída,3,1.0
V00347,2026-02-20,C003,Casa Norte,B2C,Norte,AM,P010,Carregador USB-C,Telefonia,Marketplace,Fernanda Rocha,Boleto,4,110.1,0.0,440.4,0.0,440.4,181.76,258.64,Concluída,10,4.0
V00348,2025-04-08,C002,Beta Varejo,B2B,Sudeste,MG,P007,Mesa Office,Móveis,E-commerce,Bruno Lima,Transferência,6,805.46,0.08,4832.76,386.62,4446.14,2830.56,1615.58,Concluída,15,4.0
V00349,2025-01-07,C006,Mercado Central,B2B,Nordeste,BA,P004,Monitor 24,Informática,Representante,Diego Alves,Pix,2,867.65,0.03,1735.3,52.06,1683.24,1156.26,526.98,Concluída,5,5.0
V00350,2025-12-04,C008,Prime Atacado,B2B,Sul,RS,P005,Headset Gamer,Acessórios,Representante,Fernanda Rocha,Cartão Crédito,5,239.26,0.0,1196.3,0.0,1196.3,507.5,688.8,Concluída,2,4.0
V00351,2025-08-30,C005,E-commerce Livre,B2C,Sudeste,RJ,P006,Cadeira Ergonômica,Móveis,Loja Física,Ana Souza,,2,1502.03,0.03,3004.06,90.12,2913.94,1709.56,1204.38,Concluída,3,4.0
V00352,2026-02-20,C005,E-commerce Livre,B2C,Sudeste,RJ,P003,Teclado Mecânico,Acessórios,Representante,Ana Souza,Boleto,3,322.42,0.0,967.26,0.0,967.26,478.02,489.24,Devolvida,5,5.0
V00353,2025-08-15,C006,Mercado Central,B2B,Nordeste,BA,P010,Carregador USB-C,Telefonia,E-commerce,Bruno Lima,Transferência,3,103.87,0.0,311.61,0.0,311.61,116.82,194.79,Concluída,5,3.0
V00354,2026-01-18,C003,Casa Norte,B2C,Norte,AM,P008,Webcam Full HD,Acessórios,Marketplace,,Transferência,10,231.02,0.05,2310.2,115.51,2194.69,914.4,1280.29,Devolvida,3,5.0
V00355,2025-09-11,C009,Shopping Mix,B2C,Nordeste,PE,P004,Monitor 24,Informática,Loja Física,Fernanda Rocha,Transferência,1,956.51,0.0,956.51,0.0,956.51,657.5,299.01,Pendente,3,4.0
V00356,2025-03-21,C009,Shopping Mix,B2C,Nordeste,PE,P006,Cadeira Ergonômica,Móveis,Loja Física,Ana Souza,Pix,10,1358.57,0.08,13585.7,1086.86,12498.84,8926.0,3572.84,Concluída,3,3.0
V00357,2025-06-03,C010,Tech Mais,B2C,Sudeste,SP,P009,Smartphone X,Telefonia,E-commerce,Carla Mendes,Transferência,5,2758.11,0.03,13790.55,413.72,13376.83,9985.3,3391.53,Concluída,7,
V00358,2026-05-16,C002,Beta Varejo,B2B,Sudeste,MG,P004,Monitor 24,Informática,Loja Física,Fernanda Rocha,Transferência,2,963.03,0.08,1926.06,154.08,1771.98,1248.34,523.64,Pendente,3,3.0
V00359,2025-05-16,C001,Alfa Distribuidora,B2B,Sudeste,SP,P008,Webcam Full HD,Acessórios,Marketplace,Diego Alves,Cartão Crédito,6,209.29,0.08,1255.74,100.46,1155.28,583.62,571.66,Concluída,10,4.0
V00360,2025-11-12,C009,Shopping Mix,B2C,Nordeste,PE,P008,Webcam Full HD,Acessórios,Loja Física,Diego Alves,Boleto,3,217.95,,653.85,65.39,588.46,249.33,339.13,Concluída,5,5.0
V00361,2025-03-16,C001,Alfa Distribuidora,B2B,Sudeste,SP,P004,Monitor 24,Informática,Loja Física,Diego Alves,Boleto,4,827.32,0.0,3309.28,0.0,3309.28,2402.36,906.92,Cancelada,3,3.0
V00362,2025-03-03,C002,Beta Varejo,B2B,Sudeste,MG,P009,Smartphone X,Telefonia,Loja Física,Diego Alves,Cartão Crédito,8,2525.46,0.15,20203.68,3030.55,17173.13,16502.56,670.57,Cancelada,3,1.0
V00363,2025-07-04,C005,E-commerce Livre,B2C,Sudeste,RJ,P007,Mesa Office,Móveis,E-commerce,Diego Alves,Boleto,4,845.14,0.05,3380.56,169.03,3211.53,1626.64,1584.89,Concluida,7,5.0
V00364,2026-01-22,C007,Loja Avenida,B2C,Centro-Oeste,GO,P008,Webcam Full HD,Acessórios,Marketplace,Ana Souza,Pix,5,228.08,0.05,1140.4,57.02,1083.38,421.2,662.18,Concluída,2,4.0
V00365,2025-07-02,C006,Mercado Central,B2B,Nordeste,BA,P002,Mouse Wireless,Acessórios,Marketplace,Fernanda Rocha,Pix,2,86.88,0.0,173.76,0.0,173.76,71.44,102.32,Cancelada,10,2.0
V00366,2025-01-24,C004,Delta Store,B2B,Sul,PR,P001,Notebook Pro 14,Informática,Representante,Diego Alves,Transferência,8,4262.86,0.0,34102.88,0.0,34102.88,22785.6,11317.28,Concluída,7,5.0
V00367,2025-08-24,C009,Shopping Mix,B2C,Nordeste,PE,P007,Mesa Office,Móveis,E-commerce,Diego Alves,Boleto,1,714.51,0.0,714.51,0.0,714.51,418.46,296.05,Concluída,3,5.0
V00368,2025-07-13,C003,Casa Norte,B2C,Norte,AM,P005,Headset Gamer,Acessórios,Loja Física,Ana Souza,Transferência,8,237.39,0.1,1899.12,189.91,1709.21,821.44,887.77,Concluída,3,5.0
V00369,2025-09-04,C010,Tech Mais,B2C,Sudeste,SP,P001,Notebook Pro 14,Informática,E-commerce,Ana Souza,Cartão Crédito,10,4337.63,0.0,43376.3,0.0,43376.3,31616.5,11759.8,Concluída,10,4.0
V00370,2026-04-03,C010,Tech Mais,B2C,Sudeste,SP,P001,Notebook Pro 14,Informática,Loja Física,Bruno Lima,Cartão Crédito,2,4321.34,0.05,8642.68,432.13,8210.55,5690.8,2519.75,Concluída,3,5.0
V00371,2025-08-28,C007,Loja Avenida,B2C,Centro-Oeste,GO,P008,Webcam Full HD,Acessórios,E-commerce,Ana Souza,Pix,5,226.14,0.03,1130.7,33.92,1096.78,456.15,640.63,Concluída,7,4.0
V00372,2025-08-28,C009,Shopping Mix,B2C,Nordeste,PE,P005,Headset Gamer,Acessórios,Representante,Fernanda Rocha,Boleto,0,231.01,0.0,693.03,0.0,693.03,325.5,367.53,Concluída,7,4.0
V00373,2025-05-27,C004,Delta Store,B2B,Sul,PR,P005,Headset Gamer,Acessórios,E-commerce,Diego Alves,Boleto,1,242.99,0.0,242.99,0.0,242.99,101.82,141.17,Concluída,2,5.0
V00374,2025-06-29,C005,E-commerce Livre,B2C,Sudeste,RJ,P001,Notebook Pro 14,Informática,Marketplace,Fernanda Rocha,Transferência,1,4008.07,0.05,4008.07,200.4,3807.67,2979.63,828.04,Concluída,4,4.0
V00375,2026-01-26,C001,Alfa Distribuidora,B2B,Sudeste,SP,P006,Cadeira Ergonômica,Móveis,Representante,Diego Alves,Transferência,5,1308.06,0.08,6540.3,523.22,6017.08,4700.35,1316.73,Concluída,10,4.0
V00376,2026-01-21,C003,Casa Norte,B2C,Norte,AM,P005,Headset Gamer,Acessórios,E-commerce,Fernanda Rocha,Transferência,10,220.71,0.05,2207.1,110.36,2096.74,1059.3,1037.44,Concluída,5,5.0
V00377,2025-11-04,C004,Delta Store,B2B,Sul,PR,P004,Monitor 24,Informática,E-commerce,Diego Alves,Cartão Crédito,1,833.69,0.05,833.69,41.68,792.01,634.37,157.64,Pendente,7,
V00378,2026-03-03,C009,Shopping Mix,B2C,Nordeste,PE,P007,Mesa Office,Móveis,E-commerce,Diego Alves,Pix,4,753.15,0.0,3012.6,0.0,3012.6,1824.44,1188.16,Concluída,2,4.0
V00379,2025-12-05,C005,E-commerce Livre,B2C,Sudeste,RJ,P004,Monitor 24,Informática,Loja Física,Diego Alves,Boleto,8,898.98,0.0,7191.84,0.0,7191.84,4891.68,2300.16,Concluída,4,4.0
V00380,2025-07-15,C002,Beta Varejo,B2B,Sudeste,MG,P009,Smartphone X,Telefonia,ecommerce,Carla Mendes,Transferência,1,2992.82,0.0,2992.82,0.0,2992.82,2114.62,878.2,Cancelada,3,5.0
V00381,2025-02-10,C010,Tech Mais,B2C,Sudeste,SP,P010,Carregador USB-C,Telefonia,Loja Física,Bruno Lima,Pix,3,120.3,0.0,360.9,0.0,360.9,131.28,229.62,Concluída,3,3.0
V00382,2025-12-07,C008,Prime Atacado,B2B,Sul,RS,P004,Monitor 24,Informática,Representante,Ana Souza,Pix,4,945.62,0.0,3782.48,0.0,3782.48,2528.0,1254.48,Concluída,5,3.0
V00383,2026-05-06,C004,Delta Store,B2B,Sul,PR,P002,Mouse Wireless,Acessórios,E-commerce,Fernanda Rocha,Pix,6,91.51,0.0,549.06,0.0,549.06,212.16,336.9,Concluída,4,4.0
V00384,2025-11-26,C007,Loja Avenida,B2C,Centro-Oeste,GO,P004,Monitor 24,Informática,Representante,,Transferência,5,803.88,0.0,4019.4,0.0,4019.4,2991.2,1028.2,Concluída,3,4.0
V00385,2025-11-12,C009,Shopping Mix,B2C,Nordeste,PE,P006,Cadeira Ergonômica,Móveis,Representante,Carla Mendes,Transferência,3,1335.07,0.03,4005.21,120.16,3885.05,2680.8,1204.25,Concluída,4,
V00386,2026-04-26,C008,Prime Atacado,B2B,Sul,RS,P002,Mouse Wireless,Acessórios,Representante,Bruno Lima,Boleto,3,99.66,0.0,298.98,0.0,298.98,120.75,178.23,Concluida,5,
V00387,2025-02-16,C006,Mercado Central,B2B,Nordeste,BA,P007,Mesa Office,Móveis,E-commerce,Bruno Lima,Cartão Crédito,1,704.91,0.08,704.91,56.39,648.52,458.07,190.45,Concluída,3,1.0
V00388,2026-03-04,C005,E-commerce Livre,B2C,Sudeste,RJ,P009,Smartphone X,Telefonia,Representante,Bruno Lima,Pix,2,2996.26,0.03,5992.52,179.78,5812.74,3891.32,1921.42,Concluída,2,4.0
V00389,2026-01-24,C006,Mercado Central,B2B,Nordeste,BA,P004,Monitor 24,Informática,E-commerce,Diego Alves,Boleto,4,991.75,0.08,3967.0,317.36,3649.64,2255.16,1394.48,Devolvida,7,5.0
V00390,2026-05-18,C005,E-commerce Livre,B2C,Sudeste,RJ,P008,Webcam Full HD,Acessórios,Marketplace,Bruno Lima,Boleto,2,207.39,0.0,414.78,0.0,414.78,167.72,247.06,Concluída,3,4.0
V00391,2026-05-16,C003,Casa Norte,B2C,Norte,AM,P003,Teclado Mecânico,Acessórios,E-commerce,Fernanda Rocha,Cartão Crédito,4,321.36,0.0,1285.44,0.0,1285.44,633.6,651.84,Pendente,7,
V00392,2025-03-18,C009,Shopping Mix,B2C,Nordeste,PE,P001,Notebook Pro 14,Informática,Loja Física,Ana Souza,Transferência,3,4669.6,0.0,14008.8,0.0,14008.8,9020.28,4988.52,Concluída,3,3.0
V00393,2025-03-11,C003,Casa Norte,B2C,Norte,AM,P004,Monitor 24,Informática,E-commerce,,Pix,3,953.98,0.03,2861.94,85.86,2776.08,1732.02,1044.06,Cancelada,5,4.0
V00394,2026-01-18,C009,Shopping Mix,B2C,Nordeste,PE,P008,Webcam Full HD,Acessórios,Loja Física,Fernanda Rocha,Transferência,4,201.01,0.0,804.04,0.0,804.04,390.64,413.4,Concluída,4,5.0
V00395,2025-01-07,C008,Prime Atacado,B2B,Sul,RS,P001,Notebook Pro 14,Informática,Marketplace,Ana Souza,Cartão Crédito,4,3837.48,0.0,15349.92,0.0,15349.92,11241.24,4108.68,Concluída,4,3.0
V00396,2025-10-21,C009,Shopping Mix,B2C,Nordeste,PE,P005,Headset Gamer,Acessórios,Loja Física,Fernanda Rocha,Transferência,8,243.97,0.0,1951.76,0.0,1951.76,848.48,1103.28,Concluída,2,4.0
V00397,2025-04-09,C003,Casa Norte,B2C,Norte,AM,P002,Mouse Wireless,Acessórios,E-commerce,Bruno Lima,Pix,5,95.11,0.03,475.55,14.27,461.28,189.6,271.68,Concluída,3,4.0
V00398,2025-09-16,C010,Tech Mais,B2C,Sudeste,SP,P009,Smartphone X,Telefonia,Representante,Carla Mendes,Transferência,1,2550.79,0.08,2550.79,204.06,2346.73,2171.3,175.43,Cancelada,7,4.0
V00399,2026-02-20,C002,Beta Varejo,B2B,Sudeste,MG,P006,Cadeira Ergonômica,Móveis,Marketplace,Fernanda Rocha,Pix,10,1273.49,0.1,12734.9,1273.49,11461.41,9561.9,1899.51,Concluída,15,5.0
V00400,2025-03-24,C004,Delta Store,B2B,Sul,PR,P005,Headset Gamer,Acessórios,Loja Física,Ana Souza,Transferência,2,239.07,0.03,478.14,14.34,463.8,195.96,267.84,Concluída,15,3.0
V00401,2026-05-03,C007,Loja Avenida,B2C,Centro-Oeste,GO,P007,Mesa Office,Móveis,Loja Física,Ana Souza,Pix,5,857.8,0.1,4289.0,428.9,3860.1,2349.55,1510.55,Concluída,15,5.0
V00402,2026-03-21,C002,Beta Varejo,B2B,Sudeste,MG,P008,Webcam Full HD,Acessórios,Representante,Fernanda Rocha,Cartão Crédito,1,211.03,0.05,211.03,10.55,200.48,86.81,113.67,Concluída,5,3.0
V00403,2025-08-24,C009,Shopping Mix,B2C,Nordeste,PE,P001,Notebook Pro 14,Informática,E-commerce,Fernanda Rocha,Transferência,3,4492.98,0.03,13478.94,404.37,13074.57,8437.92,4636.65,Concluída,4,
V00404,2025-03-18,C005,E-commerce Livre,B2C,Sudeste,RJ,P001,Notebook Pro 14,Informática,Representante,Fernanda Rocha,Cartão Crédito,1,4366.15,0.0,4366.15,0.0,4366.15,2982.6,1383.55,Cancelada,7,3.0
V00405,2025-01-17,C003,Casa Norte,B2C,Norte,AM,P006,Cadeira Ergonômica,Móveis,E-commerce,Fernanda Rocha,Pix,2,1223.66,0.03,2447.32,73.42,2373.9,1808.28,565.62,Concluída,3,4.0
V00406,2025-11-03,C007,Loja Avenida,B2C,Centro-Oeste,GO,P002,Mouse Wireless,Acessórios,E-commerce,Fernanda Rocha,Pix,8,106.26,0.0,850.08,0.0,850.08,321.36,528.72,Concluída,4,5.0
V00407,2025-12-06,C010,Tech Mais,B2C,Sudeste,SP,P007,Mesa Office,Móveis,Marketplace,Bruno Lima,Cartão Crédito,8,865.18,0.03,6921.44,207.64,6713.8,3385.92,3327.88,Cancelada,3,5.0
V00408,2025-02-24,C009,Shopping Mix,B2C,Nordeste,PE,P006,Cadeira Ergonômica,Móveis,Loja Física,Diego Alves,Pix,2,1410.02,0.0,2820.04,0.0,2820.04,1660.8,1159.24,Devolvida,2,4.0
V00409,2026-02-11,C002,Beta Varejo,B2B,Sudeste,MG,P006,Cadeira Ergonômica,Móveis,Representante,Ana Souza,Boleto,1,1226.56,0.0,1226.56,0.0,1226.56,827.84,398.72,Devolvida,3,
V00410,2025-08-22,C008,Prime Atacado,B2B,Sul,RS,P008,Webcam Full HD,Acessórios,Representante,Fernanda Rocha,Transferência,3,209.17,0.03,627.51,18.83,608.68,273.51,335.17,Concluida,3,4.0
V00411,2026-01-25,C007,Loja Avenida,B2C,Centro-Oeste,GO,P003,Teclado Mecânico,Acessórios,Loja Física,Fernanda Rocha,Boleto,6,354.63,0.1,2127.78,212.78,1915.0,866.1,1048.9,Cancelada,4,4.0
V00412,2025-03-26,C004,Delta Store,B2B,Sul,PR,P002,Mouse Wireless,Acessórios,Representante,Bruno Lima,Transferência,1,97.85,0.0,97.85,0.0,97.85,37.23,60.62,Cancelada,3,2.0
V00413,2025-11-21,C003,Casa Norte,B2C,Norte,AM,P007,Mesa Office,Móveis,Representante,Ana Souza,Cartão Crédito,1,863.44,0.03,863.44,25.9,837.54,427.29,410.25,Cancelada,7,4.0
V00414,2026-04-01,C001,Alfa Distribuidora,B2B,Sudeste,SP,P005,Headset Gamer,Acessórios,Representante,Carla Mendes,Cartão Crédito,4,256.72,0.05,1026.88,51.34,975.54,397.88,577.66,Devolvida,5,4.0
V00415,2025-07-11,C003,Casa Norte,B2C,Norte,AM,P002,Mouse Wireless,Acessórios,Marketplace,Diego Alves,Transferência,2,86.29,0.0,172.58,0.0,172.58,80.4,92.18,Concluída,4,4.0
V00416,2025-04-02,C002,Beta Varejo,B2B,Sudeste,MG,P001,Notebook Pro 14,Informática,Representante,Fernanda Rocha,Cartão Crédito,1,4679.12,0.0,4679.12,0.0,4679.12,2973.01,1706.11,Concluída,3,1.0
V00417,2025-11-29,C010,Tech Mais,B2C,Sudeste,SP,P010,Carregador USB-C,Telefonia,Marketplace,Ana Souza,Boleto,4,122.4,0.0,489.6,0.0,489.6,174.6,315.0,Concluida,7,4.0
V00418,2025-03-28,C007,Loja Avenida,B2C,Centro-Oeste,GO,P007,Mesa Office,Móveis,E-commerce,Fernanda Rocha,Pix,2,757.82,0.05,1515.64,75.78,1439.86,917.64,522.22,Concluída,4,
V00419,2025-05-23,C007,Loja Avenida,B2C,Centro-Oeste,GO,P003,Teclado Mecânico,Acessórios,Representante,Carla Mendes,Boleto,5,357.33,0.05,1786.65,89.33,1697.32,718.3,979.02,Concluída,5,2.0
V00420,2025-03-06,C008,Prime Atacado,B2B,Sul,RS,P003,Teclado Mecânico,Acessórios,E-commerce,Diego Alves,Boleto,3,337.94,0.0,1013.82,0.0,1013.82,461.31,552.51,Concluída,10,2.0
V00421,2026-05-11,C007,Loja Avenida,B2C,Centro-Oeste,GO,P005,Headset Gamer,Acessórios,Loja Física,Carla Mendes,Boleto,2,247.76,0.0,495.52,0.0,495.52,220.2,275.32,Concluida,2,4.0
V00422,2025-07-20,C004,Delta Store,B2B,Sul,PR,P008,Webcam Full HD,Acessórios,Marketplace,Ana Souza,Pix,3,206.06,0.1,618.18,61.82,556.36,288.63,267.73,Concluída,5,4.0
V00423,2026-02-10,C005,E-commerce Livre,B2C,Sudeste,RJ,P001,Notebook Pro 14,Informática,Representante,Fernanda Rocha,Transferência,8,4421.81,0.05,35374.48,1768.72,33605.76,26232.56,7373.2,Concluída,7,3.0
V00424,2025-12-09,C006,Mercado Central,B2B,Nordeste,BA,P008,Webcam Full HD,Acessórios,Marketplace,Fernanda Rocha,Pix,2,204.51,0.15,409.02,61.35,347.67,193.36,154.31,Concluída,7,5.0
V00425,2025-07-25,C005,E-commerce Livre,B2C,Sudeste,RJ,P006,Cadeira Ergonômica,Móveis,Marketplace,Carla Mendes,Pix,8,1362.39,0.0,10899.12,0.0,10899.12,6607.44,4291.68,Cancelada,7,4.0
V00426,2025-10-26,C007,Loja Avenida,B2C,Centro-Oeste,GO,P006,Cadeira Ergonômica,Móveis,Marketplace,Fernanda Rocha,Pix,1,1464.18,0.0,1464.18,0.0,1464.18,910.6,553.58,Pendente,4,4.0
V00427,2025-10-15,C006,Mercado Central,B2B,Nordeste,BA,P007,Mesa Office,Móveis,Marketplace,Carla Mendes,Cartão Crédito,4,842.22,0.03,3368.88,101.07,3267.81,1881.8,1386.01,Concluída,4,5.0
V00428,2025-07-04,C010,Tech Mais,B2C,Sudeste,SP,P004,Monitor 24,informatica,Loja Física,Diego Alves,Pix,6,836.1,0.08,5016.6,401.33,4615.27,3731.34,883.93,Concluída,3,5.0
V00429,2025-03-12,C008,Prime Atacado,B2B,Sul,RS,P005,Headset Gamer,Acessórios,Marketplace,Diego Alves,Pix,1,232.36,0.0,232.36,0.0,232.36,113.07,119.29,Concluída,7,4.0
V00430,2025-09-16,C005,E-commerce Livre,B2C,Sudeste,RJ,P004,Monitor 24,Informática,E-commerce,Diego Alves,Transferência,3,912.95,0.08,2738.85,219.11,2519.74,1982.07,537.67,Concluída,5,2.0
V00431,2026-05-06,C002,Beta Varejo,B2B,Sudeste,MG,P008,Webcam Full HD,Acessórios,Marketplace,Fernanda Rocha,Transferência,3,202.29,0.0,606.87,0.0,606.87,265.56,341.31,Concluída,4,5.0
V00432,2026-01-04,C009,Shopping Mix,B2C,Nordeste,PE,P001,Notebook Pro 14,Informática,ecommerce,Ana Souza,Pix,2,3843.16,0.08,7686.32,614.91,7071.41,5925.76,1145.65,Concluída,5,4.0
V00433,2025-02-15,C006,Mercado Central,B2B,Nordeste,BA,P003,Teclado Mecânico,Acessórios,Marketplace,Carla Mendes,Transferência,1,314.32,0.1,314.32,31.43,282.89,150.15,132.74,Concluída,5,3.0
V00434,2025-04-11,C002,Beta Varejo,B2B,Sudeste,MG,P001,Notebook Pro 14,Informática,Representante,Bruno Lima,Pix,2,4473.87,0.0,8947.74,0.0,8947.74,5917.08,3030.66,Concluída,4,
V00435,2026-02-05,C008,Prime Atacado,B2B,Sul,RS,P006,Cadeira Ergonômica,Móveis,Marketplace,Fernanda Rocha,Pix,1,1369.05,0.0,1369.05,0.0,1369.05,952.41,416.64,Concluída,4,5.0
V00436,2026-05-10,C006,Mercado Central,B2B,Nordeste,BA,P001,Notebook Pro 14,Informática,Loja Física,Carla Mendes,Transferência,4,4170.6,0.0,16682.4,0.0,16682.4,12097.16,4585.24,Concluída,3,4.0
V00437,2025-05-26,C002,Beta Varejo,B2B,Sudeste,MG,P002,Mouse Wireless,Acessórios,Representante,Carla Mendes,Boleto,2,91.51,0.05,183.02,9.15,173.87,83.16,90.71,Concluída,2,2.0
V00438,2026-06-18,C008,Prime Atacado,B2B,Sul,RS,P004,Monitor 24,Informática,Marketplace,Carla Mendes,Transferência,8,859.21,0.0,6873.68,0.0,6873.68,5015.84,1857.84,Concluída,5,4.0
V00439,2026-04-09,C002,Beta Varejo,B2B,Sudeste,MG,P008,Webcam Full HD,Acessórios,Representante,Ana Souza,Boleto,1,233.58,0.0,233.58,0.0,233.58,93.75,139.83,Concluída,5,4.0
V00440,2025-01-24,C001,Alfa Distribuidora,B2B,Sudeste,SP,P002,Mouse Wireless,Acessórios,Representante,Ana Souza,Pix,2,97.99,0.08,195.98,15.68,180.3,82.88,97.42,Concluída,3,
V00441,2025-06-28,C004,Delta Store,B2B,Sul,PR,P009,Smartphone X,Telefonia,E-commerce,Carla Mendes,Transferência,4,3063.92,0.0,12255.68,0.0,12255.68,8124.08,4131.6,Concluída,5,4.0
V00442,2026-02-19,C008,Prime Atacado,B2B,Sul,RS,P004,Monitor 24,Informática,E-commerce,Bruno Lima,,1,915.14,0.0,915.14,0.0,915.14,610.64,304.5,Pendente,4,5.0
V00443,2025-07-22,C007,Loja Avenida,B2C,Centro-Oeste,GO,P001,Notebook Pro 14,Informática,Marketplace,Fernanda Rocha,Transferência,1,4401.35,0.15,4401.35,660.2,3741.15,2861.94,879.21,Concluída,4,3.0
V00444,2025-08-08,C007,Loja Avenida,B2C,Centro-Oeste,GO,P001,Notebook Pro 14,Informática,E-commerce,Carla Mendes,Cartão Crédito,4,4625.04,0.0,18500.16,0.0,18500.16,11792.12,6708.04,Concluída,7,1.0
V00445,2025-07-11,C010,Tech Mais,B2C,Sudeste,SP,P002,Mouse Wireless,Acessórios,Representante,Carla Mendes,Pix,3,98.32,0.05,294.96,14.75,280.21,109.86,170.35,Concluída,2,3.0
V00446,2025-09-26,C008,Prime Atacado,B2B,Sul,RS,P002,Mouse Wireless,Acessórios,Marketplace,Fernanda Rocha,Boleto,6,100.94,0.0,605.64,0.0,605.64,219.96,385.68,Concluída,3,4.0
V00447,2026-02-06,C010,Tech Mais,B2C,Sudeste,SP,P007,Mesa Office,Móveis,Loja Física,Carla Mendes,Boleto,1,780.75,0.05,780.75,39.04,741.71,442.56,299.15,Concluída,2,
V00448,2025-06-26,C008,Prime Atacado,B2B,Sul,RS,P010,Carregador USB-C,Telefonia,Representante,Fernanda Rocha,Cartão Crédito,5,118.48,0.08,592.4,47.39,545.01,228.45,316.56,Concluída,3,5.0
V00449,2025-05-01,C003,Casa Norte,B2C,Norte,AM,P006,Cadeira Ergonômica,Móveis,E-commerce,Carla Mendes,Cartão Crédito,4,1434.16,0.03,5736.64,172.1,5564.54,3244.48,2320.06,Concluída,10,5.0
V00450,2025-05-25,C003,Casa Norte,B2C,Norte,AM,P006,Cadeira Ergonômica,Móveis,Marketplace,Diego Alves,Pix,3,1294.85,0.0,3884.55,0.0,3884.55,2821.83,1062.72,Concluída,7,4.0
V00451,2026-03-10,C010,Tech Mais,B2C,Sudeste,SP,P007,Mesa Office,Móveis,E-commerce,Diego Alves,Pix,3,744.62,0.05,2233.86,111.69,2122.17,1286.1,836.07,Concluída,5,
V00452,2026-05-17,C009,Shopping Mix,B2C,Nordeste,PE,P003,Teclado Mecânico,Acessórios,Representante,Bruno Lima,Pix,1,346.06,0.0,346.06,0.0,346.06,144.99,201.07,Concluída,4,4.0
V00453,2025-02-24,C006,Mercado Central,B2B,Nordeste,BA,P008,Webcam Full HD,Acessórios,Representante,Ana Souza,Transferência,1,211.69,0.1,211.69,21.17,190.52,84.51,106.01,Concluida,4,5.0
V00454,2026-01-29,C003,Casa Norte,B2C,Norte,AM,P004,Monitor 24,Informática,Marketplace,Diego Alves,Transferência,2,832.23,0.0,1664.46,0.0,1664.46,1137.88,526.58,Concluída,5,5.0
V00455,2026-05-16,C007,Loja Avenida,B2C,Centro-Oeste,,P008,Webcam Full HD,Acessórios,E-commerce,Ana Souza,Cartão Crédito,5,220.65,0.0,1103.25,0.0,1103.25,437.4,665.85,Concluída,3,4.0
V00456,2025-02-03,C004,Delta Store,B2B,Sul,PR,P005,Headset Gamer,Acessórios,Representante,Bruno Lima,Boleto,3,234.84,0.0,704.52,0.0,704.52,336.78,367.74,Cancelada,4,
V00457,2026-05-23,C003,Casa Norte,B2C,Norte,AM,P008,Webcam Full HD,Acessórios,Loja Física,Fernanda Rocha,Cartão Crédito,8,204.1,0.0,1632.8,0.0,1632.8,727.92,904.88,Pendente,7,3.0
V00458,2026-01-11,C005,E-commerce Livre,B2C,Sudeste,RJ,P009,Smartphone X,Telefonia,Loja Física,Diego Alves,Pix,2,2860.88,0.03,5721.76,171.65,5550.11,3781.38,1768.73,Cancelada,5,5.0
V00459,2025-09-11,C007,Loja Avenida,B2C,Centro-Oeste,GO,P002,Mouse Wireless,Acessórios,Representante,Ana Souza,Transferência,6,101.14,0.0,606.84,0.0,606.84,234.84,372.0,Concluída,5,3.0
V00460,2025-03-31,C005,E-commerce Livre,B2C,Sudeste,RJ,P006,Cadeira Ergonômica,Móveis,Marketplace,Ana Souza,Pix,4,1283.19,0.0,5132.76,0.0,5132.76,3305.12,1827.64,Concluída,5,5.0
V00461,2025-12-26,C004,Delta Store,B2B,Sul,PR,P010,Carregador USB-C,Telefonia,Marketplace,Bruno Lima,Pix,3,102.9,0.0,308.7,0.0,308.7,116.34,192.36,Concluída,10,4.0
V00462,2025-03-02,C004,Delta Store,B2B,Sul,PR,P004,Monitor 24,Informática,Representante,Fernanda Rocha,Boleto,2,821.63,0.0,1643.26,0.0,1643.26,1236.42,406.84,Concluída,3,2.0
V00463,2025-06-22,C010,Tech Mais,B2C,Sudeste,SP,P009,Smartphone X,Telefonia,Representante,Carla Mendes,Boleto,2,2664.27,0.0,5328.54,0.0,5328.54,4327.4,1001.14,Concluída,5,4.0
V00464,2026-06-11,C010,Tech Mais,B2C,Sudeste,SP,P005,Headset Gamer,Acessórios,Loja Física,Bruno Lima,Transferência,2,244.56,0.05,489.12,24.46,464.66,219.74,244.92,Concluída,4,4.0
V00465,2025-05-10,C001,Alfa Distribuidora,B2B,Sudeste,SP,P005,Headset Gamer,Acessórios,E-commerce,Bruno Lima,Pix,6,249.34,0.03,1496.04,44.88,1451.16,592.68,858.48,Concluída,2,4.0
V00466,2026-02-07,C006,Mercado Central,B2B,Nordeste,BA,P004,Monitor 24,Informática,Marketplace,Bruno Lima,Boleto,1,936.51,0.0,936.51,0.0,936.51,604.23,332.28,Devolvida,3,4.0
V00467,2026-04-08,C007,Loja Avenida,B2C,Centro-Oeste,GO,P007,Mesa Office,Móveis,Loja Física,Ana Souza,Transferência,2,705.11,0.08,1410.22,112.82,1297.4,801.88,495.52,Concluída,5,5.0
V00468,2026-01-13,C009,Shopping Mix,B2C,Nordeste,PE,P005,Headset Gamer,Acessórios,Marketplace,Diego Alves,Boleto,4,229.37,0.0,917.48,0.0,917.48,441.08,476.4,Concluída,7,5.0
V00469,2025-04-06,C010,Tech Mais,B2C,Sudeste,SP,P001,Notebook Pro 14,Informática,Marketplace,Carla Mendes,Cartão Crédito,5,4228.23,0.0,21141.15,0.0,21141.15,16202.85,4938.3,Concluída,3,5.0
V00470,2025-08-12,C009,Shopping Mix,B2C,Nordeste,PE,P007,Mesa Office,Móveis,Marketplace,Bruno Lima,Transferência,6,782.02,0.0,4692.12,0.0,4692.12,2553.72,2138.4,Cancelada,10,3.0
V00471,2025-10-18,C005,E-commerce Livre,B2C,Sudeste,RJ,P006,Cadeira Ergonômica,Móveis,Representante,Fernanda Rocha,Pix,1,1475.57,0.0,1475.57,0.0,1475.57,885.24,590.33,Pendente,2,5.0
V00472,2025-12-18,C010,Tech Mais,B2C,Sudeste,SP,P008,Webcam Full HD,Acessórios,Loja Física,Ana Souza,Cartão Crédito,1,206.35,0.08,206.35,16.51,189.84,89.82,100.02,Pendente,5,4.0
V00473,2025-05-08,C008,Prime Atacado,B2B,Sul,RS,P001,Notebook Pro 14,Informática,E-commerce,Diego Alves,Transferência,1,4103.88,0.0,4103.88,0.0,4103.88,2843.72,1260.16,Concluída,4,5.0
V00474,2025-07-27,C001,Alfa Distribuidora,B2B,Sudeste,SP,P007,Mesa Office,Móveis,E-commerce,Carla Mendes,Pix,4,823.62,0.0,3294.48,0.0,3294.48,1649.8,1644.68,Concluída,4,1.0
V00475,2026-01-05,C005,E-commerce Livre,B2C,Sudeste,RJ,P002,Mouse Wireless,Acessórios,Representante,Ana Souza,Boleto,5,101.65,,508.25,15.25,493.0,177.05,315.95,Concluida,5,5.0
V00476,2026-02-10,C003,Casa Norte,B2C,Norte,AM,P001,Notebook Pro 14,Informática,Representante,Bruno Lima,Transferência,4,4521.97,0.03,18087.88,542.64,17545.24,11532.16,6013.08,Concluída,5,5.0
V00477,2025-01-02,C002,Beta Varejo,B2B,Sudeste,MG,P002,Mouse Wireless,Acessórios,E-commerce,Diego Alves,Cartão Crédito,1,89.57,0.1,89.57,8.96,80.61,40.09,40.52,Devolvida,7,5.0
V00478,2025-08-20,C003,Casa Norte,B2C,Norte,AM,P010,Carregador USB-C,Telefonia,Marketplace,Ana Souza,Cartão Crédito,4,120.52,0.03,482.08,14.46,467.62,173.68,293.94,Concluída,4,5.0
V00479,2026-03-09,C006,Mercado Central,B2B,Nordeste,BA,P002,Mouse Wireless,Acessórios,E-commerce,Diego Alves,Cartão Crédito,2,89.73,0.0,179.46,0.0,179.46,73.22,106.24,Concluída,4,
V00480,2025-04-02,C004,Delta Store,B2B,Sul,PR,P007,Mesa Office,Móveis,Loja Física,Ana Souza,Boleto,3,734.25,0.0,2202.75,0.0,2202.75,1348.44,854.31,Concluída,7,5.0
V00481,2025-05-21,C006,Mercado Central,B2B,Nordeste,BA,P005,Headset Gamer,Acessórios,Marketplace,Bruno Lima,Pix,5,230.36,0.05,1151.8,57.59,1094.21,507.95,586.26,Pendente,5,4.0
V00482,2025-01-09,C002,Beta Varejo,B2B,Sudeste,MG,P009,Smartphone X,Telefonia,E-commerce,Diego Alves,Boleto,2,2637.61,0.05,5275.22,263.76,5011.46,3799.1,1212.36,Concluída,3,5.0
V00483,2026-02-26,C004,Delta Store,B2B,Sul,PR,P003,Teclado Mecânico,Acessórios,Marketplace,Bruno Lima,Cartão Crédito,5,342.77,0.08,1713.85,137.11,1576.74,691.5,885.24,Concluída,5,4.0
V00484,2025-05-07,C002,Beta Varejo,B2B,Sudeste,MG,P003,Teclado Mecânico,Acessórios,Marketplace,Carla Mendes,Transferência,2,290.19,0.0,580.38,0.0,580.38,268.56,311.82,Devolvida,3,5.0
V00485,2025-09-11,C006,Mercado Central,B2B,Nordeste,BA,P003,Teclado Mecânico,Acessórios,Representante,Ana Souza,Pix,1,334.95,0.0,334.95,0.0,334.95,156.84,178.11,Devolvida,4,
V00486,2025-10-19,C009,Shopping Mix,B2C,Nordeste,PE,P010,Carregador USB-C,Telefonia,Loja Física,Carla Mendes,Pix,10,118.98,0.08,1189.8,95.18,1094.62,405.2,689.42,Concluída,2,3.0
V00487,2026-06-06,C009,Shopping Mix,B2C,Nordeste,PE,P010,Carregador USB-C,Telefonia,E-commerce,Diego Alves,Boleto,10,106.9,0.05,1069.0,53.45,1015.55,447.4,568.15,Cancelada,15,4.0
V00488,2026-05-22,C001,Alfa Distribuidora,B2B,Sudeste,SP,P004,Monitor 24,Informática,Marketplace,Ana Souza,Pix,1,881.51,0.0,881.51,0.0,881.51,563.66,317.85,Concluída,7,5.0
V00489,2025-03-14,C008,Prime Atacado,B2B,Sul,RS,P010,Carregador USB-C,Telefonia,Loja Física,Carla Mendes,Boleto,2,114.84,0.0,229.68,0.0,229.68,77.5,152.18,Concluida,5,5.0
V00490,2026-03-07,C003,Casa Norte,B2C,Norte,AM,P007,Mesa Office,Móveis,Representante,Fernanda Rocha,Pix,1,845.65,0.05,845.65,42.28,803.37,439.21,364.16,Concluída,7,5.0
V00491,2025-01-18,C008,Prime Atacado,B2B,Sul,RS,P002,Mouse Wireless,Acessórios,Loja Física,Ana Souza,Boleto,3,106.21,0.05,318.63,15.93,302.7,113.97,188.73,Concluída,4,3.0
V00492,2025-03-03,C004,Delta Store,B2B,Sul,PR,P001,Notebook Pro 14,Informática,Marketplace,Fernanda Rocha,Boleto,3,4637.64,0.1,13912.92,1391.29,12521.63,8981.13,3540.5,Concluída,3,
V00493,2026-03-10,C009,Shopping Mix,B2C,Nordeste,PE,P007,Mesa Office,Móveis,Marketplace,Ana Souza,Pix,10,813.46,0.08,8134.6,650.77,7483.83,4509.5,2974.33,Concluída,2,4.0
V00494,2025-11-14,C005,E-commerce Livre,B2C,Sudeste,RJ,P002,Mouse Wireless,Acessórios,Loja Física,Fernanda Rocha,Pix,4,99.66,0.0,398.64,0.0,398.64,165.6,233.04,Concluída,4,5.0
V00495,2025-12-01,C003,Casa Norte,B2C,Norte,AM,P009,Smartphone X,Telefonia,Marketplace,Fernanda Rocha,Cartão Crédito,4,2919.56,0.0,11678.24,0.0,11678.24,7509.08,4169.16,Concluída,5,3.0
V00496,2025-09-02,C005,E-commerce Livre,B2C,Sudeste,RJ,P007,Mesa Office,Móveis,Loja Física,Bruno Lima,Cartão Crédito,4,780.11,0.05,3120.44,156.02,2964.42,1841.64,1122.78,Concluída,2,5.0
V00497,2026-04-10,C007,Loja Avenida,B2C,Centro-Oeste,GO,P002,Mouse Wireless,Acessórios,Loja Física,Carla Mendes,Pix,3,100.12,0.08,300.36,24.03,276.33,121.35,154.98,Pendente,5,4.0
V00498,2025-05-21,C002,Beta Varejo,B2B,Sudeste,MG,P001,Notebook Pro 14,Informática,Loja Física,Bruno Lima,Transferência,2,3922.01,0.03,7844.02,235.32,7608.7,5916.16,1692.54,Pendente,5,5.0
V00499,2026-06-14,C006,Mercado Central,B2B,Nordeste,BA,P009,Smartphone X,Telefonia,Representante,Bruno Lima,Boleto,2,2552.03,0.0,5104.06,0.0,5104.06,3944.96,1159.1,Concluída,5,5.0
V00500,2025-05-01,C003,Casa Norte,B2C,Norte,AM,P005,Headset Gamer,Acessórios,Loja Física,Carla Mendes,Transferência,6,250.8,0.0,1504.8,0.0,1504.8,677.46,827.34,Devolvida,3,5.0
V00501,2025-03-07,C005,E-commerce Livre,B2C,Sudeste,RJ,P009,Smartphone X,Telefonia,Representante,Fernanda Rocha,Cartão Crédito,2,3014.43,0.15,6028.86,904.33,5124.53,3664.6,1459.93,Devolvida,5,
V00502,2026-06-08,C008,Prime Atacado,B2B,Sul,RS,P008,Webcam Full HD,Acessórios,Representante,Ana Souza,Transferência,3,228.15,0.0,684.45,0.0,684.45,264.69,419.76,Concluída,15,5.0
V00503,2026-01-12,C010,Tech Mais,B2C,Sudeste,SP,P003,Teclado Mecânico,Acessórios,E-commerce,Carla Mendes,Cartão Crédito,6,354.03,0.0,2124.18,0.0,2124.18,860.76,1263.42,Concluída,3,3.0
V00504,2025-08-22,C010,Tech Mais,B2C,Sudeste,SP,P002,Mouse Wireless,Acessórios,ecommerce,Ana Souza,Cartão Crédito,3,91.11,0.0,273.33,0.0,273.33,108.33,165.0,Concluída,15,5.0
V00505,2026-04-29,C004,Delta Store,B2B,Sul,PR,P001,Notebook Pro 14,Informática,Representante,Diego Alves,Pix,10,4186.32,0.0,41863.2,0.0,41863.2,32442.6,9420.6,Concluída,3,4.0
V00506,2026-03-06,C003,Casa Norte,B2C,Norte,AM,P001,Notebook Pro 14,Informática,E-commerce,Carla Mendes,Pix,1,4016.97,0.0,4016.97,0.0,4016.97,3176.02,840.95,Concluída,3,5.0
V00507,2025-10-05,C007,Loja Avenida,B2C,Centro-Oeste,GO,P006,Cadeira Ergonômica,Móveis,Loja Física,Fernanda Rocha,Boleto,1,1316.77,0.08,1316.77,105.34,1211.43,824.66,386.77,Concluída,4,4.0
V00508,2025-02-23,C002,Beta Varejo,B2B,Sudeste,MG,P009,Smartphone X,Telefonia,E-commerce,Bruno Lima,Cartão Crédito,3,3015.14,0.0,9045.42,0.0,9045.42,6085.68,2959.74,Concluída,3,5.0
V00509,2026-04-22,C007,Loja Avenida,B2C,Centro-Oeste,GO,P002,Mouse Wireless,Acessórios,Representante,Carla Mendes,Boleto,2,95.7,0.0,191.4,0.0,191.4,76.2,115.2,Concluída,7,2.0
V00510,2026-04-13,C002,Beta Varejo,B2B,Sudeste,MG,P009,Smartphone X,Telefonia,Loja Física,Carla Mendes,Pix,2,2802.39,0.05,5604.78,280.24,5324.54,4052.56,1271.98,Concluída,7,5.0
V00511,2025-11-08,C005,E-commerce Livre,B2C,Sudeste,RJ,P010,Carregador USB-C,Telefonia,E-commerce,Diego Alves,Boleto,2,112.02,0.08,224.04,17.92,206.12,92.24,113.88,Devolvida,4,3.0
V00512,2025-07-20,C010,Tech Mais,B2C,Sudeste,SP,P008,Webcam Full HD,Acessórios,E-commerce,Bruno Lima,Cartão Crédito,3,223.26,0.03,669.78,20.09,649.69,271.89,377.8,Cancelada,4,5.0
V00513,2025-08-27,C007,Loja Avenida,B2C,Centro-Oeste,GO,P001,Notebook Pro 14,Informática,Representante,Ana Souza,Boleto,2,4083.29,0.03,8166.58,245.0,7921.58,6449.16,1472.42,Concluída,3,
V00514,2025-11-11,C001,Alfa Distribuidora,B2B,Sudeste,SP,P007,Mesa Office,Móveis,Loja Física,Bruno Lima,Pix,1,799.42,0.03,799.42,23.98,775.44,433.5,341.94,Concluída,3,5.0
V00515,2025-03-03,C007,Loja Avenida,B2C,Centro-Oeste,GO,P008,Webcam Full HD,Acessórios,E-commerce,Carla Mendes,Cartão Crédito,2,219.57,0.0,439.14,0.0,439.14,184.1,255.04,Concluída,3,3.0
V00516,2026-06-17,C001,Alfa Distribuidora,B2B,Sudeste,SP,P004,Monitor 24,Informática,Marketplace,Carla Mendes,Transferência,1,962.67,0.0,962.67,0.0,962.67,663.0,299.67,Pendente,5,3.0
V00517,2025-04-08,C002,Beta Varejo,B2B,Sudeste,MG,P010,Carregador USB-C,Telefonia,E-commerce,Diego Alves,Cartão Crédito,2,118.31,0.0,236.62,0.0,236.62,78.6,158.02,Concluída,7,5.0
V00518,2025-03-05,C010,Tech Mais,B2C,Sudeste,SP,P010,Carregador USB-C,Telefonia,Marketplace,Bruno Lima,Pix,1,115.28,0.0,115.28,0.0,115.28,40.29,74.99,Devolvida,3,4.0
V00519,2025-11-19,C005,E-commerce Livre,B2C,Sudeste,RJ,P005,Headset Gamer,Acessórios,Marketplace,Carla Mendes,Boleto,1,261.97,0.08,261.97,20.96,241.01,108.46,132.55,Concluida,3,4.0
V00520,2025-08-28,C008,Prime Atacado,B2B,Sul,RS,P005,Headset Gamer,Acessórios,Loja Física,Bruno Lima,Pix,2,220.95,0.03,441.9,13.26,428.64,228.0,200.64,Concluída,3,3.0
V00521,2025-06-09,C010,Tech Mais,B2C,Sudeste,SP,P002,Mouse Wireless,Acessórios,Loja Física,Bruno Lima,Transferência,1,104.49,0.03,104.49,3.13,101.36,38.15,63.21,Concluida,3,4.0
V00522,2026-02-21,C008,Prime Atacado,B2B,Sul,RS,P006,Cadeira Ergonômica,Móveis,Loja Física,Fernanda Rocha,Boleto,2,1392.28,0.15,2784.56,417.68,2366.88,1841.8,525.08,Concluída,7,3.0
V00523,2025-11-12,C004,Delta Store,B2B,Sul,PR,P008,Webcam Full HD,Acessórios,Marketplace,Carla Mendes,Cartão Crédito,1,198.45,0.0,198.45,0.0,198.45,91.07,107.38,Concluída,10,4.0
V00524,2025-11-08,C002,Beta Varejo,B2B,Sudeste,MG,P003,Teclado Mecânico,Acessórios,Loja Física,Bruno Lima,Boleto,3,291.54,0.0,874.62,0.0,874.62,443.37,431.25,Concluída,7,3.0
V00525,2025-09-12,C003,Casa Norte,B2C,Norte,AM,P002,Mouse Wireless,Acessórios,Representante,,Cartão Crédito,1,94.88,0.0,94.88,0.0,94.88,35.3,59.58,Concluída,2,5.0
V00526,2025-06-28,C005,E-commerce Livre,B2C,Sudeste,RJ,P005,Headset Gamer,Acessórios,Loja Física,Diego Alves,Transferência,2,225.16,0.0,450.32,0.0,450.32,223.5,226.82,Concluída,7,3.0
V00527,2025-09-13,C009,Shopping Mix,B2C,Nordeste,PE,P009,Smartphone X,Telefonia,Loja Física,Diego Alves,Cartão Crédito,5,2665.95,0.05,13329.75,666.49,12663.26,10116.2,2547.06,Pendente,4,2.0
V00528,2025-01-13,C003,Casa Norte,B2C,Norte,,P002,Mouse Wireless,Acessórios,Loja Física,Bruno Lima,Pix,1,102.78,0.03,102.78,3.08,99.7,40.26,59.44,Concluída,4,2.0
V00529,2026-01-17,C004,Delta Store,B2B,Sul,PR,P007,Mesa Office,Móveis,Loja Física,Fernanda Rocha,Boleto,10,816.61,0.1,8166.1,816.61,7349.49,4161.5,3187.99,Concluída,5,4.0
V00530,2025-03-08,C002,Beta Varejo,B2B,Sudeste,MG,P001,Notebook Pro 14,Informática,E-commerce,Diego Alves,Pix,5,4655.18,0.1,23275.9,2327.59,20948.31,16058.75,4889.56,Concluída,3,
V00531,2025-05-06,C002,Beta Varejo,B2B,Sudeste,MG,P006,Cadeira Ergonômica,Móveis,Loja Física,Diego Alves,Cartão Crédito,1,1427.67,0.05,1427.67,71.38,1356.29,897.91,458.38,Pendente,4,4.0
V00532,2026-03-20,C003,Casa Norte,B2C,Norte,AM,P010,Carregador USB-C,Telefonia,Marketplace,Diego Alves,Cartão Crédito,1,109.72,0.0,109.72,0.0,109.72,41.24,68.48,Cancelada,10,3.0
V00533,2025-06-26,C007,Loja Avenida,B2C,Centro-Oeste,GO,P007,Mesa Office,Móveis,Representante,Bruno Lima,Pix,2,861.35,0.0,1722.7,0.0,1722.7,805.5,917.2,Concluída,5,3.0
V00534,2026-04-02,C005,E-commerce Livre,B2C,Sudeste,RJ,P005,Headset Gamer,Acessórios,E-commerce,Ana Souza,Pix,10,239.59,0.03,2395.9,71.88,2324.02,1012.6,1311.42,Concluída,5,5.0
V00535,2026-02-26,C005,E-commerce Livre,B2C,Sudeste,RJ,P008,Webcam Full HD,Acessórios,Marketplace,Ana Souza,Cartão Crédito,4,215.7,0.1,862.8,86.28,776.52,384.16,392.36,Concluida,2,1.0
V00536,2025-05-21,C005,E-commerce Livre,B2C,Sudeste,RJ,P007,Mesa Office,Móveis,Marketplace,Bruno Lima,Pix,1,815.86,0.0,815.86,0.0,815.86,426.75,389.11,Devolvida,10,
V00537,2026-01-27,C009,Shopping Mix,B2C,Nordeste,PE,P001,Notebook Pro 14,Informática,Representante,Diego Alves,Transferência,2,4418.54,0.0,8837.08,0.0,8837.08,5821.28,3015.8,Concluída,4,4.0
V00538,2026-05-30,C006,Mercado Central,B2B,Nordeste,BA,P010,Carregador USB-C,Telefonia,Representante,Diego Alves,Boleto,5,101.9,0.05,509.5,25.48,484.02,213.3,270.72,Concluída,4,4.0
V00539,2025-11-23,C003,Casa Norte,B2C,Norte,AM,P001,Notebook Pro 14,Informática,E-commerce,Ana Souza,Boleto,3,4180.87,0.0,12542.61,0.0,12542.61,8610.0,3932.61,Concluída,10,4.0
V00540,2026-06-27,C001,Alfa Distribuidora,B2B,Sudeste,SP,P008,Webcam Full HD,Acessórios,Representante,Fernanda Rocha,Pix,4,219.43,0.1,877.72,87.77,789.95,384.4,405.55,Concluída,5,5.0
V00541,2025-09-11,C003,Casa Norte,B2C,Norte,AM,P002,Mouse Wireless,Acessórios,E-commerce,Carla Mendes,Cartão Crédito,2,92.33,0.0,184.66,0.0,184.66,81.22,103.44,Cancelada,2,5.0
V00542,2026-02-02,C004,Delta Store,B2B,Sul,PR,P010,Carregador USB-C,Telefonia,Representante,Bruno Lima,Pix,3,101.87,0.15,305.61,45.84,259.77,120.78,138.99,Concluída,5,5.0
V00543,2025-11-22,C004,Delta Store,B2B,Sul,PR,P010,Carregador USB-C,Telefonia,Representante,Fernanda Rocha,Cartão Crédito,1,114.94,0.03,114.94,3.45,111.49,39.42,72.07,Concluída,5,4.0
V00544,2025-05-26,C006,Mercado Central,B2B,Nordeste,BA,P010,Carregador USB-C,Telefonia,E-commerce,Diego Alves,Boleto,8,118.81,0.15,950.48,142.57,807.91,324.8,483.11,Pendente,4,4.0
V00545,2025-02-08,C003,Casa Norte,B2C,Norte,AM,P008,Webcam Full HD,Acessórios,Loja Física,Ana Souza,Pix,1,191.44,0.05,191.44,9.57,181.87,90.22,91.65,Concluída,5,4.0
V00546,2025-01-21,C010,Tech Mais,B2C,Sudeste,SP,P004,Monitor 24,Informática,Marketplace,Ana Souza,Boleto,3,871.33,0.08,2613.99,209.12,2404.87,1953.93,450.94,Concluída,4,4.0
V00547,2025-05-14,C010,Tech Mais,B2C,Sudeste,SP,P004,Monitor 24,Informática,Representante,Bruno Lima,Boleto,5,865.26,0.0,4326.3,0.0,4326.3,2852.5,1473.8,Concluída,4,5.0
V00548,2025-06-01,C001,Alfa Distribuidora,B2B,Sudeste,SP,P001,Notebook Pro 14,Informática,E-commerce,Ana Souza,Boleto,1,4132.04,0.08,4132.04,330.56,3801.48,3258.17,543.31,Concluída,4,4.0
V00549,2026-02-10,C002,Beta Varejo,B2B,Sudeste,MG,P006,Cadeira Ergonômica,Móveis,Loja Física,Carla Mendes,Boleto,8,1250.24,0.1,10001.92,1000.19,9001.73,7259.92,1741.81,Concluída,2,4.0
V00550,2025-06-11,C006,Mercado Central,B2B,Nordeste,BA,P003,Teclado Mecânico,Acessórios,Marketplace,Diego Alves,Boleto,2,299.35,0.05,598.7,29.94,568.76,317.5,251.26,Concluída,5,2.0
V00551,2026-01-01,C003,Casa Norte,B2C,Norte,AM,P009,Smartphone X,Telefonia,E-commerce,Fernanda Rocha,Pix,2,2591.68,0.05,5183.36,259.17,4924.19,4312.16,612.03,Concluída,2,4.0
V00552,2025-10-29,C007,Loja Avenida,B2C,Centro-Oeste,GO,P005,Headset Gamer,Acessórios,E-commerce,Bruno Lima,Cartão Crédito,3,237.29,0.08,711.87,56.95,654.92,336.0,318.92,Concluída,4,4.0
V00553,2025-02-03,C010,Tech Mais,B2C,Sudeste,SP,P007,Mesa Office,Móveis,E-commerce,Fernanda Rocha,Boleto,1,762.9,0.0,762.9,0.0,762.9,447.91,314.99,Concluída,2,4.0
V00554,2025-04-17,C010,Tech Mais,B2C,Sudeste,SP,P004,Monitor 24,Informática,Marketplace,Bruno Lima,Boleto,1,831.7,0.08,831.7,66.54,765.16,565.8,199.36,Concluída,3,5.0
V00555,2025-12-22,C002,Beta Varejo,B2B,Sudeste,MG,P004,Monitor 24,Informática,Representante,Bruno Lima,Cartão Crédito,3,846.3,,2538.9,76.17,2462.73,1924.56,538.17,Pendente,3,5.0
V00556,2025-01-12,C006,Mercado Central,B2B,Nordeste,BA,P008,Webcam Full HD,Acessórios,Representante,Bruno Lima,Pix,8,231.34,0.05,1850.72,92.54,1758.18,744.0,1014.18,Concluída,7,4.0
V00557,2025-09-20,C002,Beta Varejo,B2B,Sudeste,MG,P006,Cadeira Ergonômica,Móveis,Loja Física,Ana Souza,Cartão Crédito,4,1342.25,0.05,5369.0,268.45,5100.55,3718.04,1382.51,Concluída,7,4.0
V00558,2026-03-06,C007,Loja Avenida,B2C,Centro-Oeste,GO,P008,Webcam Full HD,Acessórios,E-commerce,Diego Alves,Transferência,5,208.93,0.0,1044.65,0.0,1044.65,488.1,556.55,Concluída,7,4.0
V00559,2026-01-20,C007,Loja Avenida,B2C,Centro-Oeste,GO,P006,Cadeira Ergonômica,Móveis,Loja Física,Diego Alves,Pix,3,1306.62,0.03,3919.86,117.6,3802.26,2553.99,1248.27,Concluída,3,1.0
V00560,2025-03-17,C003,Casa Norte,B2C,Norte,AM,P008,Webcam Full HD,Acessórios,Loja Física,Carla Mendes,Cartão Crédito,10,233.62,0.0,2336.2,0.0,2336.2,946.0,1390.2,Concluída,5,5.0
V00561,2025-04-18,C006,Mercado Central,B2B,Nordeste,BA,P005,Headset Gamer,Acessórios,Loja Física,Carla Mendes,Pix,8,237.13,0.08,1897.04,151.76,1745.28,813.04,932.24,Pendente,2,5.0
V00562,2025-03-18,C007,Loja Avenida,B2C,Centro-Oeste,GO,P003,Teclado Mecânico,Acessórios,Loja Física,Carla Mendes,Transferência,4,336.44,0.0,1345.76,0.0,1345.76,631.6,714.16,Concluída,5,3.0
V00563,2025-06-18,C001,Alfa Distribuidora,B2B,Sudeste,SP,P007,Mesa Office,Móveis,Marketplace,Bruno Lima,Cartão Crédito,2,795.77,0.0,1591.54,0.0,1591.54,816.0,775.54,Concluída,4,5.0
V00564,2025-07-30,C002,Beta Varejo,B2B,Sudeste,MG,P006,Cadeira Ergonômica,Móveis,E-commerce,Diego Alves,Boleto,6,1239.99,0.0,7439.94,0.0,7439.94,4896.6,2543.34,Concluída,5,5.0
V00565,2025-09-01,C005,E-commerce Livre,B2C,Sudeste,RJ,P005,Headset Gamer,Acessórios,Loja Física,Ana Souza,Transferência,1,228.35,0.0,228.35,0.0,228.35,112.38,115.97,Pendente,3,4.0
V00566,2026-05-18,C010,Tech Mais,B2C,Sudeste,SP,P009,Smartphone X,Telefonia,E-commerce,Ana Souza,Boleto,6,3090.7,0.0,18544.2,0.0,18544.2,11037.84,7506.36,Concluída,5,4.0
V00567,2025-03-31,C001,Alfa Distribuidora,B2B,Sudeste,SP,P007,Mesa Office,Móveis,Representante,Fernanda Rocha,Transferência,1,802.09,0.0,802.09,0.0,802.09,456.54,345.55,Concluída,2,5.0
V00568,2025-01-27,C004,Delta Store,B2B,Sul,PR,P002,Mouse Wireless,Acessórios,E-commerce,Bruno Lima,Boleto,2,105.85,0.03,211.7,6.35,205.35,73.68,131.67,Concluída,3,
V00569,2025-04-29,C002,Beta Varejo,B2B,Sudeste,MG,P008,Webcam Full HD,Acessórios,Representante,Diego Alves,Transferência,2,214.4,0.0,428.8,0.0,428.8,179.4,249.4,Cancelada,7,3.0
V00570,2025-04-04,C008,Prime Atacado,B2B,Sul,RS,P005,Headset Gamer,Acessórios,Marketplace,Bruno Lima,Boleto,1,259.15,0.1,259.15,25.92,233.23,98.4,134.83,Concluída,4,5.0
V00571,2025-07-11,C007,Loja Avenida,B2C,Centro-Oeste,GO,P006,Cadeira Ergonômica,Móveis,Marketplace,Ana Souza,Boleto,1,1277.7,0.05,1277.7,63.89,1213.81,808.43,405.38,Concluída,4,4.0
V00572,2025-09-27,C008,Prime Atacado,B2B,Sul,RS,P008,Webcam Full HD,Acessórios,E-commerce,Carla Mendes,Cartão Crédito,2,213.48,0.0,426.96,0.0,426.96,184.14,242.82,Cancelada,7,3.0
V00573,2025-03-29,C003,Casa Norte,B2C,Norte,AM,P002,Mouse Wireless,Acessórios,Representante,Fernanda Rocha,Transferência,1,91.1,0.0,91.1,0.0,91.1,37.75,53.35,Concluída,2,2.0
V00574,2025-03-04,C010,Tech Mais,B2C,Sudeste,SP,P004,Monitor 24,Informática,Marketplace,Fernanda Rocha,Transferência,2,-937.5,0.0,1875.0,0.0,1875.0,1263.28,611.72,Concluída,10,5.0
V00575,2025-08-30,C009,Shopping Mix,B2C,Nordeste,PE,P008,Webcam Full HD,Acessórios,Marketplace,Carla Mendes,Cartão Crédito,2,199.63,0.0,399.26,0.0,399.26,173.4,225.86,Concluída,7,5.0
V00576,2026-05-30,C007,Loja Avenida,B2C,Centro-Oeste,GO,P001,Notebook Pro 14,Informática,E-commerce,Ana Souza,Transferência,5,4146.82,0.0,20734.1,0.0,20734.1,16055.7,4678.4,Concluída,5,4.0
V00577,2025-08-05,C003,Casa Norte,B2C,Norte,AM,P003,Teclado Mecânico,Acessórios,E-commerce,Bruno Lima,Cartão Crédito,1,357.88,0.0,357.88,0.0,357.88,159.2,198.68,Pendente,7,5.0
V00578,2026-03-22,C007,Loja Avenida,B2C,Centro-Oeste,GO,P002,Mouse Wireless,Acessórios,E-commerce,Bruno Lima,Boleto,3,103.6,0.0,310.8,0.0,310.8,114.48,196.32,Concluída,4,4.0
V00579,2025-03-31,C006,Mercado Central,B2B,Nordeste,BA,P002,Mouse Wireless,Acessórios,Marketplace,Fernanda Rocha,Transferência,2,97.29,0.08,194.58,15.57,179.01,72.68,106.33,Pendente,5,5.0
V00580,2025-10-10,C009,Shopping Mix,B2C,Nordeste,PE,P006,Cadeira Ergonômica,Móveis,Marketplace,Ana Souza,Transferência,3,1446.52,0.0,4339.56,0.0,4339.56,2785.68,1553.88,Concluída,10,
V00581,2025-06-03,C002,Beta Varejo,B2B,Sudeste,MG,P007,Mesa Office,Móveis,E-commerce,Fernanda Rocha,Cartão Crédito,2,738.09,0.08,1476.18,118.09,1358.09,830.36,527.73,Devolvida,2,3.0
V00582,2025-04-14,C002,Beta Varejo,B2B,Sudeste,MG,P010,Carregador USB-C,Telefonia,Representante,Fernanda Rocha,Boleto,10,115.31,0.08,1153.1,92.25,1060.85,410.9,649.95,Concluída,5,5.0
V00583,2026-01-28,C007,Loja Avenida,B2C,Centro-Oeste,GO,P005,Headset Gamer,Acessórios,Marketplace,Fernanda Rocha,Transferência,4,246.38,0.0,985.52,0.0,985.52,407.24,578.28,Concluida,3,5.0
V00584,2025-10-10,C001,Alfa Distribuidora,B2B,Sudeste,SP,P003,Teclado Mecânico,Acessórios,Marketplace,Bruno Lima,Transferência,1,332.02,0.05,332.02,16.6,315.42,139.11,176.31,Concluída,3,5.0
V00585,2025-12-06,C001,Alfa Distribuidora,B2B,Sudeste,SP,P007,Mesa Office,Móveis,E-commerce,Ana Souza,Transferência,5,709.72,0.05,3548.6,177.43,3371.17,2110.1,1261.07,Concluída,10,4.0
V00586,2025-01-21,C005,E-commerce Livre,B2C,Sudeste,RJ,P006,Cadeira Ergonômica,Móveis,Representante,Carla Mendes,Boleto,3,1219.06,0.0,3657.18,0.0,3657.18,2522.7,1134.48,Concluída,5,4.0
V00587,2025-04-11,C005,E-commerce Livre,B2C,Sudeste,RJ,P008,Webcam Full HD,Acessórios,E-commerce,Bruno Lima,Boleto,3,197.07,0.0,591.21,0.0,591.21,280.65,310.56,Pendente,2,5.0
V00588,2025-10-03,C008,Prime Atacado,B2B,Sul,RS,P006,Cadeira Ergonômica,Móveis,Marketplace,Fernanda Rocha,Cartão Crédito,3,1382.48,0.03,4147.44,124.42,4023.02,2433.81,1589.21,Concluída,5,4.0
V00589,2025-08-05,C004,Delta Store,B2B,Sul,PR,P008,Webcam Full HD,Acessórios,Marketplace,Diego Alves,Boleto,8,207.78,0.0,1662.24,0.0,1662.24,755.04,907.2,Concluída,5,5.0
V00590,2025-06-12,C001,Alfa Distribuidora,B2B,Sudeste,SP,P009,Smartphone X,Telefonia,Loja Física,Carla Mendes,Transferência,6,3007.99,0.05,18047.94,902.4,17145.54,12382.92,4762.62,Pendente,3,1.0
V00591,2025-01-30,C003,Casa Norte,B2C,Norte,AM,P009,Smartphone X,Telefonia,E-commerce,Bruno Lima,Pix,2,2654.22,0.05,5308.44,265.42,5043.02,4094.9,948.12,Concluída,2,5.0
V00592,2025-02-03,C001,Alfa Distribuidora,B2B,Sudeste,SP,P004,Monitor 24,Informática,Marketplace,Ana Souza,Boleto,2,931.22,0.03,1862.44,55.87,1806.57,1197.66,608.91,Concluída,2,5.0
V00593,2026-01-13,C004,Delta Store,B2B,Sul,PR,P005,Headset Gamer,Acessórios,Marketplace,Fernanda Rocha,Transferência,8,250.31,0.0,2002.48,0.0,2002.48,833.6,1168.88,Concluída,7,3.0
V00594,2025-09-05,C002,Beta Varejo,B2B,Sudeste,MG,P001,Notebook Pro 14,Informática,Representante,Diego Alves,Transferência,1,4438.01,0.0,4438.01,0.0,4438.01,2945.71,1492.3,Concluída,5,5.0
V00595,2025-12-25,C003,Casa Norte,B2C,Norte,AM,P008,Webcam Full HD,Acessórios,Representante,Bruno Lima,Boleto,8,215.14,0.03,1721.12,51.63,1669.49,673.44,996.05,Concluída,4,5.0
V00596,2025-01-29,C002,Beta Varejo,B2B,Sudeste,MG,P005,Headset Gamer,Acessórios,Marketplace,Ana Souza,Pix,2,228.69,0.0,457.38,0.0,457.38,205.1,252.28,Concluída,3,
V00597,2025-08-15,C010,Tech Mais,B2C,Sudeste,SP,P004,Monitor 24,Informática,E-commerce,Bruno Lima,Boleto,2,905.14,0.08,1810.28,144.82,1665.46,1341.02,324.44,Concluída,7,4.0
V00598,2025-01-21,C007,Loja Avenida,B2C,Centro-Oeste,GO,P009,Smartphone X,Telefonia,Loja Física,Diego Alves,Pix,2,2768.07,0.05,5536.14,276.81,5259.33,4129.46,1129.87,Concluída,3,5.0
V00599,2025-01-09,C003,Casa Norte,B2C,Norte,AM,P010,Carregador USB-C,Telefonia,E-commerce,Carla Mendes,Boleto,1,113.0,0.05,113.0,5.65,107.35,43.94,63.41,Concluida,7,4.0
V00600,2026-01-21,C005,E-commerce Livre,B2C,Sudeste,RJ,P007,Mesa Office,Móveis,Representante,Diego Alves,Boleto,4,808.25,0.0,3233.0,0.0,3233.0,1590.36,1642.64,Concluída,4,5.0
V00601,2025-11-06,C004,Delta Store,B2B,Sul,PR,P008,Webcam Full HD,Acessórios,Marketplace,Fernanda Rocha,Cartão Crédito,5,198.07,0.0,990.35,0.0,990.35,492.05,498.3,Concluída,4,5.0
V00602,2026-01-19,C001,Alfa Distribuidora,B2B,Sudeste,SP,P009,Smartphone X,informatica,Representante,Carla Mendes,Cartão Crédito,3,2573.0,0.0,7719.0,0.0,7719.0,5577.57,2141.43,Concluída,5,4.0
V00603,2025-12-11,C008,Prime Atacado,B2B,Sul,RS,P002,Mouse Wireless,Acessórios,Representante,,Boleto,3,102.64,0.0,307.92,0.0,307.92,115.11,192.81,Concluída,3,4.0
V00604,2025-07-12,C005,E-commerce Livre,B2C,Sudeste,RJ,P005,Headset Gamer,Acessórios,E-commerce,Fernanda Rocha,Pix,3,263.41,0.08,790.23,63.22,727.01,322.86,404.15,Concluida,4,5.0
V00605,2026-02-18,C001,Alfa Distribuidora,B2B,Sudeste,SP,P010,Carregador USB-C,Telefonia,Representante,Bruno Lima,Cartão Crédito,3,103.6,0.05,310.8,15.54,295.26,128.55,166.71,Concluída,10,1.0
V00606,2025-09-23,C008,Prime Atacado,B2B,Sul,RS,P005,Headset Gamer,Acessórios,Marketplace,Diego Alves,Transferência,2,219.0,0.08,438.0,35.04,402.96,219.74,183.22,Concluída,5,4.0
V00607,2025-07-14,C001,Alfa Distribuidora,B2B,Sudeste,SP,P010,Carregador USB-C,Telefonia,Representante,Bruno Lima,Transferência,4,109.99,0.0,439.96,0.0,439.96,182.84,257.12,Concluída,3,5.0
V00608,2025-11-04,C006,Mercado Central,B2B,Nordeste,BA,P009,Smartphone X,Telefonia,E-commerce,Fernanda Rocha,Pix,10,2752.75,0.0,27527.5,0.0,27527.5,19425.3,8102.2,Concluída,3,5.0
V00609,2026-04-28,C005,E-commerce Livre,B2C,Sudeste,RJ,P002,Mouse Wireless,Acessórios,E-commerce,Carla Mendes,Pix,10,94.94,0.0,949.4,0.0,949.4,377.0,572.4,Concluída,10,4.0
V00610,2025-08-16,C006,Mercado Central,B2B,Nordeste,BA,P002,Mouse Wireless,Acessórios,Representante,Bruno Lima,Boleto,2,99.29,0.0,198.58,0.0,198.58,78.78,119.8,Concluída,7,
V00611,2026-01-16,C007,Loja Avenida,B2C,Centro-Oeste,GO,P006,Cadeira Ergonômica,Móveis,Representante,Fernanda Rocha,Boleto,4,1498.51,0.0,5994.04,0.0,5994.04,3500.64,2493.4,Concluída,5,4.0
V00612,2026-04-27,C008,Prime Atacado,B2B,Sul,RS,P002,Mouse Wireless,Acessórios,Loja Física,Fernanda Rocha,Cartão Crédito,2,88.15,0.0,176.3,0.0,176.3,72.14,104.16,Concluida,3,2.0
V00613,2026-05-28,C008,Prime Atacado,B2B,Sul,RS,P004,Monitor 24,Informática,Loja Física,Diego Alves,Boleto,3,917.55,0.08,2752.65,220.21,2532.44,1873.65,658.79,Concluída,7,4.0
V00614,2025-06-04,C007,Loja Avenida,B2C,Centro-Oeste,GO,P001,Notebook Pro 14,Informática,E-commerce,Bruno Lima,Boleto,1,4302.85,0.1,4302.85,430.29,3872.56,3023.58,848.98,Concluída,3,3.0
V00615,2026-04-14,C007,Loja Avenida,B2C,Centro-Oeste,GO,P010,Carregador USB-C,Telefonia,E-commerce,Carla Mendes,Pix,2,113.42,0.0,226.84,0.0,226.84,91.48,135.36,Concluida,5,5.0
V00616,2025-12-07,C002,Beta Varejo,B2B,Sudeste,MG,P008,Webcam Full HD,Acessórios,E-commerce,Carla Mendes,Cartão Crédito,1,211.03,0.05,211.03,10.55,200.48,96.22,104.26,Cancelada,3,
V00617,2025-10-08,C001,Alfa Distribuidora,B2B,Sudeste,SP,P008,Webcam Full HD,Acessórios,E-commerce,Bruno Lima,Pix,1,229.43,0.15,229.43,34.41,195.02,85.67,109.35,Concluída,2,4.0
V00618,2025-05-13,C008,Prime Atacado,B2B,Sul,RS,P002,Mouse Wireless,Acessórios,Marketplace,Diego Alves,Transferência,3,97.64,0.1,292.92,29.29,263.63,118.68,144.95,Concluída,7,
V00619,2026-01-28,C007,Loja Avenida,B2C,Centro-Oeste,GO,P008,Webcam Full HD,Acessórios,Loja Física,Ana Souza,Pix,1,234.39,0.0,234.39,0.0,234.39,95.99,138.4,Concluída,3,4.0
V00620,2025-11-26,C006,Mercado Central,B2B,Nordeste,BA,P001,Notebook Pro 14,Informática,E-commerce,Ana Souza,Cartão Crédito,4,4132.0,0.0,16528.0,0.0,16528.0,12540.4,3987.6,Devolvida,4,3.0
V00621,2025-12-19,C004,Delta Store,B2B,Sul,PR,P004,Monitor 24,Informática,Representante,Bruno Lima,Cartão Crédito,2,810.47,0.08,1620.94,129.68,1491.26,1303.86,187.4,Concluída,4,5.0
V00622,2025-11-10,C007,Loja Avenida,B2C,Centro-Oeste,GO,P009,Smartphone X,Telefonia,E-commerce,Ana Souza,Cartão Crédito,3,3028.77,0.05,9086.31,454.32,8631.99,6303.48,2328.51,Concluída,4,
V00623,2026-04-12,C005,E-commerce Livre,B2C,Sudeste,RJ,P005,Headset Gamer,Acessórios,Representante,Diego Alves,Pix,3,247.95,0.0,743.85,0.0,743.85,325.26,418.59,Concluída,3,2.0
V00624,2026-01-03,C006,Mercado Central,B2B,Nordeste,BA,P008,Webcam Full HD,Acessórios,E-commerce,Bruno Lima,Transferência,3,224.28,0.03,672.84,20.19,652.65,259.41,393.24,Concluída,2,4.0
V00625,2025-08-18,C001,Alfa Distribuidora,B2B,Sudeste,SP,P004,Monitor 24,Informática,E-commerce,Bruno Lima,Cartão Crédito,1,837.12,0.0,837.12,0.0,837.12,603.66,233.46,Concluída,4,4.0
V00626,2025-06-23,C010,Tech Mais,B2C,Sudeste,SP,P009,Smartphone X,Telefonia,Loja Física,Carla Mendes,Cartão Crédito,3,2755.8,0.08,8267.4,661.39,7606.01,5620.17,1985.84,Concluída,2,2.0
V00627,2025-02-19,C007,Loja Avenida,B2C,Centro-Oeste,GO,P005,Headset Gamer,Acessórios,Loja Física,Ana Souza,Cartão Crédito,3,245.89,0.08,737.67,59.01,678.66,321.42,357.24,Pendente,2,3.0
V00628,2026-03-03,C001,Alfa Distribuidora,B2B,Sudeste,SP,P002,Mouse Wireless,Acessórios,Marketplace,Diego Alves,Cartão Crédito,1,89.37,0.03,89.37,2.68,86.69,39.38,47.31,Concluída,10,5.0
V00629,2026-05-01,C009,Shopping Mix,B2C,Nordeste,PE,P005,Headset Gamer,Acessórios,E-commerce,Bruno Lima,Cartão Crédito,2,220.08,0.0,440.16,0.0,440.16,198.0,242.16,Concluída,4,4.0
V00630,2025-04-14,C005,E-commerce Livre,B2C,Sudeste,RJ,P007,Mesa Office,Móveis,Representante,Fernanda Rocha,Pix,2,871.8,0.05,1743.6,87.18,1656.42,938.1,718.32,Concluída,4,5.0
V00631,2026-06-08,C007,Loja Avenida,B2C,Centro-Oeste,GO,P002,Mouse Wireless,Acessórios,Loja Física,Carla Mendes,Cartão Crédito,1,85.59,0.05,85.59,4.28,81.31,39.35,41.96,Concluída,4,4.0
V00632,2025-07-23,C002,Beta Varejo,B2B,Sudeste,MG,P008,Webcam Full HD,Acessórios,E-commerce,Carla Mendes,Pix,1,204.49,0.0,204.49,0.0,204.49,84.39,120.1,Pendente,5,5.0
V00633,2025-10-30,C006,Mercado Central,B2B,Nordeste,BA,P007,Mesa Office,Móveis,E-commerce,,Transferência,2,769.46,0.0,1538.92,0.0,1538.92,806.22,732.7,Concluída,7,5.0
V00634,2025-12-05,C004,Delta Store,B2B,Sul,PR,P008,Webcam Full HD,Acessórios,E-commerce,Ana Souza,Cartão Crédito,3,210.95,0.1,632.85,63.28,569.57,251.94,317.63,Concluída,4,5.0
V00635,2026-05-21,C002,Beta Varejo,B2B,Sudeste,MG,P002,Mouse Wireless,Acessórios,E-commerce,Ana Souza,Cartão Crédito,10,90.53,0.08,905.3,72.42,832.88,406.4,426.48,Concluída,4,4.0
V00636,2025-08-25,C002,Beta Varejo,B2B,Sudeste,MG,P005,Headset Gamer,Acessórios,Marketplace,Carla Mendes,Boleto,10,225.55,0.08,2255.5,180.44,2075.06,1029.2,1045.86,Concluida,4,5.0
V00637,2025-04-13,C008,Prime Atacado,B2B,Sul,RS,P001,Notebook Pro 14,Informática,E-commerce,Ana Souza,Boleto,5,4523.05,0.08,22615.25,1809.22,20806.03,14193.65,6612.38,Concluída,3,4.0
V00638,2026-03-13,C006,Mercado Central,B2B,Nordeste,BA,P006,Cadeira Ergonômica,Móveis,Loja Física,Ana Souza,Cartão Crédito,3,1334.61,0.03,4003.83,120.11,3883.72,2869.38,1014.34,Concluída,5,4.0
V00639,2025-06-24,C001,Alfa Distribuidora,B2B,Sudeste,SP,P003,Teclado Mecânico,Acessórios,Representante,Carla Mendes,Transferência,1,299.18,0.1,299.18,29.92,269.26,156.36,112.9,Devolvida,15,3.0
V00640,2025-04-06,C010,Tech Mais,B2C,Sudeste,SP,P005,Headset Gamer,Acessórios,Representante,Carla Mendes,Pix,2,251.33,0.03,502.66,15.08,487.58,209.02,278.56,Concluída,5,5.0
V00641,2026-02-14,C002,Beta Varejo,B2B,Sudeste,MG,P007,Mesa Office,Móveis,Marketplace,Carla Mendes,Transferência,1,782.95,0.03,782.95,23.49,759.46,439.74,319.72,Concluída,7,1.0
V00642,2025-06-20,C008,Prime Atacado,B2B,Sul,RS,P007,Mesa Office,Móveis,Loja Física,Bruno Lima,Cartão Crédito,2,835.88,0.03,1671.76,50.15,1621.61,831.62,789.99,Concluída,5,5.0
V00643,2026-03-03,C003,Casa Norte,B2C,Norte,AM,P002,Mouse Wireless,Acessórios,Marketplace,Fernanda Rocha,Transferência,4,98.25,0.03,393.0,11.79,381.21,143.48,237.73,Concluída,4,5.0
V00644,2026-01-24,C003,Casa Norte,B2C,Norte,AM,P010,Carregador USB-C,Telefonia,Representante,Fernanda Rocha,Cartão Crédito,3,105.97,0.0,317.91,0.0,317.91,127.17,190.74,Concluída,7,1.0
V00645,2026-05-15,C003,Casa Norte,B2C,Norte,AM,P008,Webcam Full HD,Acessórios,Loja Física,Diego Alves,Transferência,3,232.5,0.0,697.5,0.0,697.5,271.32,426.18,Concluída,5,5.0
V00646,2025-09-25,C001,Alfa Distribuidora,B2B,Sudeste,SP,P002,Mouse Wireless,Acessórios,Representante,Ana Souza,Pix,2,96.4,0.1,192.8,19.28,173.52,72.6,100.92,Concluída,7,5.0
V00647,2026-06-20,C006,Mercado Central,B2B,Nordeste,BA,P009,Smartphone X,Telefonia,Loja Física,Diego Alves,Pix,6,2887.72,0.08,17326.32,1386.11,15940.21,11848.44,4091.77,Concluida,10,5.0
V00648,2026-01-30,C008,Prime Atacado,B2B,Sul,RS,P006,Cadeira Ergonômica,Móveis,E-commerce,Fernanda Rocha,Cartão Crédito,1,1294.83,0.0,1294.83,0.0,1294.83,839.06,455.77,Concluída,5,5.0
V00649,2026-06-02,C001,Alfa Distribuidora,B2B,Sudeste,SP,P003,Teclado Mecânico,Acessórios,Marketplace,Diego Alves,Pix,2,331.33,0.0,662.66,0.0,662.66,271.38,391.28,Concluída,4,3.0
V00650,2025-11-25,C002,Beta Varejo,B2B,Sudeste,MG,P008,Webcam Full HD,Acessórios,E-commerce,Carla Mendes,Boleto,2,207.49,0.08,414.98,33.2,381.78,166.04,215.74,Concluída,5,5.0
V00651,2025-08-17,C001,Alfa Distribuidora,B2B,Sudeste,SP,P009,Smartphone X,Telefonia,Marketplace,Diego Alves,Pix,8,2532.4,0.0,20259.2,0.0,20259.2,17099.44,3159.76,Concluída,5,5.0
V00652,2026-03-31,C002,Beta Varejo,B2B,Sudeste,MG,P008,Webcam Full HD,Acessórios,Marketplace,Ana Souza,Transferência,4,232.05,0.15,928.2,139.23,788.97,377.88,411.09,Concluída,7,2.0
V00653,2025-05-02,C008,Prime Atacado,B2B,Sul,RS,P006,Cadeira Ergonômica,Móveis,Marketplace,Ana Souza,Cartão Crédito,1,1481.52,0.0,1481.52,0.0,1481.52,834.95,646.57,Concluída,7,4.0
V00654,2025-02-06,C007,Loja Avenida,B2C,Centro-Oeste,GO,P007,Mesa Office,Móveis,Loja Física,Ana Souza,Boleto,4,743.02,0.05,2972.08,148.6,2823.48,1817.68,1005.8,Concluída,4,3.0
V00655,2025-07-31,C009,Shopping Mix,B2C,Nordeste,PE,P009,Smartphone X,Telefonia,Marketplace,Carla Mendes,Boleto,10,2917.69,0.1,29176.9,2917.69,26259.21,19297.3,6961.91,Cancelada,7,5.0
V00656,2026-04-11,C001,Alfa Distribuidora,B2B,Sudeste,SP,P004,Monitor 24,Informática,Representante,Fernanda Rocha,Transferência,10,878.06,0.0,8780.6,0.0,8780.6,6349.5,2431.1,Concluída,5,3.0
V00657,2025-04-27,C006,Mercado Central,B2B,Nordeste,BA,P008,Webcam Full HD,Acessórios,Loja Física,Bruno Lima,Cartão Crédito,3,203.42,0.0,610.26,0.0,610.26,279.75,330.51,Concluida,3,4.0
V00658,2025-10-26,C006,Mercado Central,B2B,Nordeste,BA,P006,Cadeira Ergonômica,Móveis,Representante,Ana Souza,Cartão Crédito,2,1273.99,0.08,2547.98,203.84,2344.14,1885.58,458.56,Concluída,7,5.0
V00659,2025-05-24,C003,Casa Norte,B2C,Norte,AM,P008,Webcam Full HD,Acessórios,Marketplace,Ana Souza,Boleto,5,197.45,0.1,987.25,98.72,888.53,444.5,444.03,Concluída,2,4.0
V00660,2025-07-12,C010,Tech Mais,B2C,Sudeste,SP,P004,Monitor 24,Informática,Loja Física,Diego Alves,Pix,1,849.66,0.0,849.66,0.0,849.66,650.01,199.65,Devolvida,4,5.0
V00661,2025-12-13,C008,Prime Atacado,B2B,Sul,RS,P004,Monitor 24,Informática,Loja Física,Diego Alves,Cartão Crédito,6,950.72,0.0,5704.32,0.0,5704.32,3822.0,1882.32,Pendente,5,4.0
V00662,2026-04-07,C010,Tech Mais,B2C,Sudeste,SP,P002,Mouse Wireless,Acessórios,Marketplace,Fernanda Rocha,Pix,3,99.0,0.03,297.0,8.91,288.09,107.34,180.75,Concluída,7,5.0
V00663,2026-06-28,C008,Prime Atacado,B2B,Sul,RS,P001,Notebook Pro 14,Informática,Loja Física,Fernanda Rocha,Transferência,1,4660.01,0.0,4660.01,0.0,4660.01,3169.61,1490.4,Concluida,7,
V00664,2026-06-05,C010,Tech Mais,B2C,Sudeste,SP,P008,Webcam Full HD,Acessórios,E-commerce,Fernanda Rocha,Pix,2,228.66,0.0,457.32,0.0,457.32,188.44,268.88,Concluida,5,4.0
V00665,2026-02-01,C003,Casa Norte,B2C,Norte,AM,P002,Mouse Wireless,Acessórios,Representante,Fernanda Rocha,Transferência,6,89.03,0.0,534.18,0.0,534.18,239.22,294.96,Concluída,7,4.0
V00666,2025-09-12,C007,Loja Avenida,B2C,Centro-Oeste,GO,P010,Carregador USB-C,Telefonia,Representante,Diego Alves,Boleto,1,119.24,0.03,119.24,3.58,115.66,40.07,75.59,Concluída,4,5.0
V00667,2025-05-17,C005,E-commerce Livre,B2C,Sudeste,RJ,P008,Webcam Full HD,Acessórios,E-commerce,Diego Alves,Boleto,3,227.29,0.08,681.87,54.55,627.32,282.87,344.45,Concluída,7,5.0
V00668,2025-08-11,C009,Shopping Mix,B2C,Nordeste,PE,P006,Cadeira Ergonômica,Móveis,E-commerce,Bruno Lima,Boleto,4,1322.81,0.08,5291.24,423.3,4867.94,3655.96,1211.98,Concluída,4,5.0
V00669,2025-07-02,C006,Mercado Central,B2B,Nordeste,BA,P003,Teclado Mecânico,Acessórios,Representante,Ana Souza,Boleto,1,355.68,0.05,355.68,17.78,337.9,149.88,188.02,Concluída,3,
V00670,2026-03-04,C009,Shopping Mix,B2C,Nordeste,PE,P008,Webcam Full HD,Acessórios,Representante,Diego Alves,Cartão Crédito,2,224.83,0.0,449.66,0.0,449.66,170.12,279.54,Concluída,5,
V00671,2025-01-26,C009,Shopping Mix,B2C,Nordeste,PE,P002,Mouse Wireless,Acessórios,Marketplace,Bruno Lima,Cartão Crédito,2,92.97,0.0,185.94,0.0,185.94,77.04,108.9,Concluída,7,4.0
V00672,2025-10-01,C001,Alfa Distribuidora,B2B,Sudeste,SP,P004,Monitor 24,Informática,E-commerce,Carla Mendes,Boleto,3,828.09,0.15,2484.27,372.64,2111.63,1765.95,345.68,Concluída,5,5.0
V00673,2025-10-30,C003,Casa Norte,B2C,Norte,AM,P001,Notebook Pro 14,Informática,E-commerce,Fernanda Rocha,Cartão Crédito,2,4170.11,0.08,8340.22,667.22,7673.0,5826.9,1846.1,Cancelada,5,4.0
V00674,2025-04-15,C006,Mercado Central,B2B,Nordeste,BA,P008,Webcam Full HD,Acessórios,E-commerce,Fernanda Rocha,Transferência,2,200.86,0.05,401.72,20.09,381.63,182.22,199.41,Concluída,5,
V00675,2025-10-22,C004,Delta Store,B2B,Sul,PR,P009,Smartphone X,Telefonia,Loja Física,Diego Alves,Transferência,2,3087.15,0.0,6174.3,0.0,6174.3,3682.22,2492.08,Concluída,4,3.0
V00676,2025-02-25,C007,Loja Avenida,B2C,Centro-Oeste,GO,P006,Cadeira Ergonômica,Móveis,Loja Física,Carla Mendes,Pix,1,1486.76,0.08,1486.76,118.94,1367.82,916.64,451.18,Concluída,3,2.0
V00677,2025-08-19,C010,Tech Mais,B2C,Sudeste,SP,P008,Webcam Full HD,Acessórios,Representante,Fernanda Rocha,Pix,4,231.91,0.0,927.64,0.0,927.64,338.92,588.72,Concluída,4,4.0
V00678,2026-04-05,C004,Delta Store,B2B,Sul,PR,P005,Headset Gamer,Acessórios,E-commerce,Ana Souza,Pix,3,253.95,0.0,761.85,0.0,761.85,291.81,470.04,Pendente,3,2.0
V00679,2025-05-03,C003,Casa Norte,B2C,Norte,AM,P009,Smartphone X,Telefonia,Marketplace,Ana Souza,Transferência,1,2544.0,0.0,2544.0,0.0,2544.0,2107.58,436.42,Concluída,4,5.0
V00680,2025-09-28,C005,E-commerce Livre,B2C,Sudeste,RJ,P009,Smartphone X,Telefonia,E-commerce,Bruno Lima,Boleto,3,3050.65,0.08,9151.95,732.16,8419.79,5475.39,2944.4,Concluida,4,
V00681,2026-04-23,C001,Alfa Distribuidora,B2B,Sudeste,SP,P006,Cadeira Ergonômica,Móveis,E-commerce,Ana Souza,Pix,3,1508.11,0.05,4524.33,226.22,4298.11,2517.99,1780.12,Concluída,15,5.0
V00682,2025-02-22,C006,Mercado Central,B2B,Nordeste,BA,P010,Carregador USB-C,Telefonia,Representante,Diego Alves,Boleto,1,116.09,0.0,116.09,0.0,116.09,38.69,77.4,Concluída,3,5.0
V00683,2026-06-23,C002,Beta Varejo,B2B,Sudeste,MG,P006,Cadeira Ergonômica,Móveis,E-commerce,Bruno Lima,Cartão Crédito,2,1460.77,0.0,2921.54,0.0,2921.54,1697.2,1224.34,Concluída,3,2.0
V00684,2026-03-02,C009,Shopping Mix,B2C,Nordeste,PE,P003,Teclado Mecânico,Acessórios,Marketplace,Ana Souza,Boleto,1,327.11,0.0,327.11,0.0,327.11,144.29,182.82,Concluída,7,
V00685,2025-12-06,C004,Delta Store,B2B,Sul,PR,P004,Monitor 24,Informática,Representante,Carla Mendes,Boleto,3,865.64,0.0,2596.92,0.0,2596.92,1997.64,599.28,Concluída,3,4.0
V00686,2026-06-28,C004,Delta Store,B2B,Sul,PR,P010,Carregador USB-C,Telefonia,Marketplace,Fernanda Rocha,Cartão Crédito,2,102.98,0.08,205.96,16.48,189.48,79.14,110.34,Concluída,3,2.0
V00687,2026-04-02,C002,Beta Varejo,B2B,Sudeste,MG,P006,Cadeira Ergonômica,Móveis,E-commerce,Fernanda Rocha,Pix,6,1271.47,0.08,7628.82,610.31,7018.51,5314.14,1704.37,Concluída,10,4.0
V00688,2026-01-26,C001,Alfa Distribuidora,B2B,Sudeste,SP,P006,Cadeira Ergonômica,Móveis,Loja Física,Diego Alves,Boleto,6,1265.14,0.08,7590.84,607.27,6983.57,4814.82,2168.75,Concluída,7,
V00689,2025-01-26,C009,Shopping Mix,B2C,Nordeste,PE,P005,Headset Gamer,Acessórios,Representante,Fernanda Rocha,Transferência,6,259.28,0.1,1555.68,155.57,1400.11,602.22,797.89,Concluída,3,4.0
V00690,2025-10-31,C008,Prime Atacado,B2B,Sul,RS,P001,Notebook Pro 14,Informática,E-commerce,Carla Mendes,Cartão Crédito,2,4283.17,0.0,8566.34,0.0,8566.34,6370.98,2195.36,Concluída,4,4.0
V00691,2025-01-08,C002,Beta Varejo,B2B,Sudeste,MG,P003,Teclado Mecânico,Acessórios,Loja Física,Bruno Lima,Pix,5,340.06,0.05,1700.3,85.02,1615.28,687.35,927.93,Concluída,2,4.0
V00692,2025-07-30,C007,Loja Avenida,B2C,Centro-Oeste,GO,P002,Mouse Wireless,Acessórios,Marketplace,Ana Souza,Pix,2,86.33,0.0,172.66,0.0,172.66,83.0,89.66,Pendente,4,2.0
V00693,2025-12-06,C001,Alfa Distribuidora,B2B,Sudeste,SP,P008,Webcam Full HD,Acessórios,Loja Física,Ana Souza,Cartão Crédito,1,207.12,0.1,207.12,20.71,186.41,85.09,101.32,Concluida,2,
V00694,2025-09-15,C001,Alfa Distribuidora,B2B,Sudeste,SP,P003,Teclado Mecânico,Acessórios,Loja Física,Fernanda Rocha,Pix,2,342.58,0.0,685.16,0.0,685.16,299.56,385.6,Concluída,3,
V00695,2026-02-02,C005,E-commerce Livre,B2C,Sudeste,RJ,P007,Mesa Office,Móveis,Marketplace,Diego Alves,Transferência,8,854.29,0.05,6834.32,341.72,6492.6,3665.28,2827.32,Concluída,4,4.0
V00696,2026-02-03,C006,Mercado Central,B2B,Nordeste,BA,P001,Notebook Pro 14,Informática,Loja Física,Fernanda Rocha,Cartão Crédito,3,4108.9,0.0,12326.7,0.0,12326.7,9400.38,2926.32,Cancelada,4,3.0
V00697,2025-02-16,C010,Tech Mais,B2C,Sudeste,,P002,Mouse Wireless,Acessórios,Loja Física,Carla Mendes,Cartão Crédito,1,90.46,0.0,90.46,0.0,90.46,39.36,51.1,Concluída,5,4.0
V00698,2025-03-30,C005,E-commerce Livre,B2C,Sudeste,RJ,P005,Headset Gamer,Acessórios,Representante,Diego Alves,Transferência,5,226.78,0.03,1133.9,34.02,1099.88,558.7,541.18,Concluída,2,5.0
V00699,2026-05-01,C007,Loja Avenida,B2C,Centro-Oeste,GO,P001,Notebook Pro 14,Informática,E-commerce,Fernanda Rocha,Pix,2,4411.9,0.0,8823.8,0.0,8823.8,6369.68,2454.12,Concluída,2,5.0
V00700,2025-10-30,C003,Casa Norte,B2C,Norte,AM,P007,Mesa Office,Móveis,E-commerce,Carla Mendes,Boleto,2,768.38,0.0,1536.76,0.0,1536.76,813.98,722.78,Concluída,2,
V00701,2025-05-25,C001,Alfa Distribuidora,B2B,Sudeste,SP,P009,Smartphone X,Telefonia,Loja Física,Ana Souza,,1,2818.06,0.0,2818.06,0.0,2818.06,1931.26,886.8,Pendente,3,
V00702,2026-02-08,C010,Tech Mais,B2C,Sudeste,SP,P010,Carregador USB-C,Telefonia,Loja Física,Carla Mendes,Pix,1,116.95,0.03,116.95,3.51,113.44,45.33,68.11,Concluída,5,3.0
V00703,2026-02-27,C006,Mercado Central,B2B,Nordeste,BA,P004,Monitor 24,Informática,E-commerce,Bruno Lima,Pix,1,980.45,0.0,980.45,0.0,980.45,602.05,378.4,Concluida,4,
V00704,2025-09-16,C004,Delta Store,B2B,Sul,PR,P010,Carregador USB-C,Telefonia,E-commerce,Ana Souza,Pix,4,113.46,0.1,453.84,45.38,408.46,156.08,252.38,Concluída,4,3.0
V00705,2026-04-18,C010,Tech Mais,B2C,Sudeste,SP,P001,Notebook Pro 14,Informática,Loja Física,Carla Mendes,Cartão Crédito,4,4629.35,0.0,18517.4,0.0,18517.4,11975.32,6542.08,Pendente,4,4.0
V00706,2025-07-22,C005,E-commerce Livre,B2C,Sudeste,RJ,P002,Mouse Wireless,Acessórios,Marketplace,Carla Mendes,Boleto,2,104.51,0.03,209.02,6.27,202.75,80.34,122.41,Cancelada,4,4.0
V00707,2025-04-13,C003,Casa Norte,B2C,Norte,AM,P004,Monitor 24,Informática,Representante,Fernanda Rocha,Cartão Crédito,5,872.13,0.08,4360.65,348.85,4011.8,3322.6,689.2,Concluída,7,5.0
V00708,2026-05-13,C004,Delta Store,B2B,Sul,PR,P006,Cadeira Ergonômica,Móveis,Marketplace,Carla Mendes,Boleto,5,1332.33,0.0,6661.65,0.0,6661.65,4316.65,2345.0,Concluída,4,5.0
V00709,2026-01-09,C010,Tech Mais,B2C,Sudeste,SP,P003,Teclado Mecânico,Acessórios,Representante,Diego Alves,Pix,2,332.69,0.0,665.38,0.0,665.38,305.92,359.46,Concluída,3,4.0
V00710,2025-09-10,C001,Alfa Distribuidora,B2B,Sudeste,SP,P006,Cadeira Ergonômica,Móveis,E-commerce,Diego Alves,Boleto,4,1358.33,0.0,5433.32,0.0,5433.32,3807.48,1625.84,Concluída,10,4.0
V00711,2025-12-06,C006,Mercado Central,B2B,Nordeste,BA,P003,Teclado Mecânico,Acessórios,Marketplace,Diego Alves,Transferência,3,351.22,0.03,1053.66,31.61,1022.05,455.58,566.47,Concluída,4,3.0
V00712,2026-05-14,C006,Mercado Central,B2B,Nordeste,BA,P005,Headset Gamer,Acessórios,Loja Física,Bruno Lima,Cartão Crédito,1,216.05,0.0,216.05,0.0,216.05,115.07,100.98,Concluída,5,5.0
V00713,2025-07-21,C005,E-commerce Livre,B2C,Sudeste,RJ,P003,Teclado Mecânico,Acessórios,Representante,Ana Souza,Cartão Crédito,3,298.78,0.05,896.34,44.82,851.52,447.21,404.31,Concluida,7,
V00714,2025-02-01,C001,Alfa Distribuidora,B2B,Sudeste,SP,P009,Smartphone X,Telefonia,Marketplace,Fernanda Rocha,Pix,3,2730.45,0.05,8191.35,409.57,7781.78,5537.97,2243.81,Devolvida,2,4.0
V00715,2025-09-24,C001,Alfa Distribuidora,B2B,Sudeste,SP,P009,Smartphone X,Telefonia,Marketplace,Bruno Lima,Boleto,5,2887.94,0.0,14439.7,0.0,14439.7,9951.65,4488.05,Cancelada,4,5.0
V00716,2025-10-25,C007,Loja Avenida,B2C,Centro-Oeste,GO,P004,Monitor 24,Informática,E-commerce,Diego Alves,Cartão Crédito,1,953.1,0.08,953.1,76.25,876.85,581.16,295.69,Concluída,3,5.0
V00717,2026-05-30,C007,Loja Avenida,B2C,Centro-Oeste,GO,P006,Cadeira Ergonômica,Móveis,Loja Física,Bruno Lima,Pix,3,1403.69,0.0,4211.07,0.0,4211.07,2500.68,1710.39,Concluída,4,5.0
V00718,2026-04-02,C009,Shopping Mix,B2C,Nordeste,PE,P003,Teclado Mecânico,Acessórios,E-commerce,Bruno Lima,Pix,6,334.95,0.0,2009.7,0.0,2009.7,949.68,1060.02,Concluída,10,4.0
V00719,2025-02-11,C008,Prime Atacado,B2B,Sul,RS,P006,Cadeira Ergonômica,Móveis,E-commerce,Diego Alves,Pix,2,1230.69,0.05,2461.38,123.07,2338.31,1638.8,699.51,Concluída,5,5.0
V00720,2026-01-14,C002,Beta Varejo,B2B,Sudeste,MG,P005,Headset Gamer,Acessórios,E-commerce,Ana Souza,Pix,3,224.78,0.0,674.34,0.0,674.34,324.78,349.56,Pendente,7,
V00721,2026-02-02,C009,Shopping Mix,B2C,Nordeste,PE,P006,Cadeira Ergonômica,Móveis,Marketplace,Diego Alves,Cartão Crédito,5,1390.74,0.0,6953.7,0.0,6953.7,4524.0,2429.7,Concluída,5,4.0
V00722,2025-04-16,C001,Alfa Distribuidora,B2B,Sudeste,SP,P006,Cadeira Ergonômica,Móveis,Representante,Carla Mendes,Pix,3,1314.33,0.03,3942.99,118.29,3824.7,2494.02,1330.68,Cancelada,3,2.0
V00723,2026-01-10,C007,Loja Avenida,B2C,Centro-Oeste,GO,P007,Mesa Office,Móveis,Loja Física,Fernanda Rocha,Boleto,2,814.97,0.0,1629.94,0.0,1629.94,834.04,795.9,Concluída,4,
V00724,2026-06-13,C007,Loja Avenida,B2C,Centro-Oeste,GO,P004,Monitor 24,Informática,Marketplace,Carla Mendes,Boleto,8,899.36,0.0,7194.88,0.0,7194.88,5137.12,2057.76,Concluída,4,4.0
V00725,2025-01-07,C008,Prime Atacado,B2B,Sul,RS,P008,Webcam Full HD,Acessórios,E-commerce,Diego Alves,Pix,8,189.55,0.03,1516.4,45.49,1470.91,758.4,712.51,Concluída,2,
V00726,2026-06-11,C004,Delta Store,B2B,Sul,PR,P002,Mouse Wireless,Acessórios,Representante,Bruno Lima,Pix,3,98.34,0.0,295.02,0.0,295.02,114.81,180.21,Concluída,2,3.0
V00727,2026-01-06,C003,Casa Norte,B2C,Norte,AM,P003,Teclado Mecânico,Acessórios,Loja Física,Bruno Lima,Transferência,5,304.88,0.0,1524.4,0.0,1524.4,732.9,791.5,Concluida,2,5.0
V00728,2026-05-09,C006,Mercado Central,B2B,Nordeste,BA,P002,Mouse Wireless,Acessórios,Marketplace,Diego Alves,Pix,1,86.26,0.0,86.26,0.0,86.26,40.67,45.59,Concluída,2,4.0
V00729,2026-02-25,C010,Tech Mais,B2C,Sudeste,SP,P003,Teclado Mecânico,Acessórios,Loja Física,Bruno Lima,Cartão Crédito,5,306.47,0.0,1532.35,0.0,1532.35,672.2,860.15,Concluída,5,5.0
V00730,2025-06-14,C003,Casa Norte,B2C,Norte,AM,P010,Carregador USB-C,Telefonia,E-commerce,Fernanda Rocha,Cartão Crédito,2,106.64,0.0,213.28,0.0,213.28,82.82,130.46,Concluída,7,
V00731,2025-02-27,C010,Tech Mais,B2C,Sudeste,SP,P003,Teclado Mecânico,Acessórios,E-commerce,Carla Mendes,Pix,10,348.9,0.05,3489.0,174.45,3314.55,1516.9,1797.65,Concluída,5,4.0
V00732,2025-01-20,C009,Shopping Mix,B2C,Nordeste,PE,P007,Mesa Office,Móveis,Representante,Ana Souza,Pix,3,832.03,0.0,2496.09,0.0,2496.09,1260.66,1235.43,Pendente,2,4.0
V00733,2026-04-28,C008,Prime Atacado,B2B,Sul,RS,P010,Carregador USB-C,Telefonia,Marketplace,Bruno Lima,Pix,8,113.77,0.03,910.16,27.3,882.86,324.24,558.62,Concluída,7,5.0
V00734,2025-05-27,C007,Loja Avenida,B2C,Centro-Oeste,GO,P010,Carregador USB-C,Telefonia,E-commerce,Fernanda Rocha,Boleto,3,101.41,,304.23,0.0,304.23,137.79,166.44,Concluída,5,2.0
V00735,2026-04-10,C003,Casa Norte,B2C,Norte,AM,P006,Cadeira Ergonômica,Móveis,Loja Física,Bruno Lima,Transferência,4,1491.97,0.03,5967.88,179.04,5788.84,3280.6,2508.24,Concluída,7,4.0
V00736,2025-04-22,C007,Loja Avenida,B2C,Centro-Oeste,GO,P003,Teclado Mecânico,Acessórios,Loja Física,Bruno Lima,Transferência,6,333.67,0.1,2002.02,200.2,1801.82,898.02,903.8,Concluída,4,3.0
V00737,2025-04-09,C003,Casa Norte,B2C,Norte,AM,P010,Carregador USB-C,Telefonia,E-commerce,Diego Alves,Cartão Crédito,6,117.4,0.05,704.4,35.22,669.18,245.52,423.66,Concluída,7,4.0
V00738,2025-05-01,C009,Shopping Mix,B2C,Nordeste,PE,P009,Smartphone X,Telefonia,Loja Física,Diego Alves,Pix,1,2899.84,0.0,2899.84,0.0,2899.84,1937.85,961.99,Concluída,3,
V00739,2025-01-02,C010,Tech Mais,B2C,Sudeste,SP,P009,Smartphone X,Telefonia,Marketplace,Fernanda Rocha,Transferência,1,2600.3,0.0,2600.3,0.0,2600.3,2095.69,504.61,Concluída,5,1.0
V00740,2026-06-27,C006,Mercado Central,B2B,Nordeste,BA,P001,Notebook Pro 14,Informática,Marketplace,Bruno Lima,Transferência,1,4191.94,0.08,4191.94,335.36,3856.58,3292.0,564.58,Concluída,5,
V00741,2025-04-11,C007,Loja Avenida,B2C,Centro-Oeste,GO,P006,Cadeira Ergonômica,Móveis,Marketplace,Bruno Lima,Boleto,2,1461.38,0.0,2922.76,0.0,2922.76,1893.76,1029.0,Concluida,10,5.0
V00742,2025-03-27,C008,Prime Atacado,B2B,Sul,RS,P004,Monitor 24,Informática,Representante,Fernanda Rocha,Transferência,2,984.7,0.0,1969.4,0.0,1969.4,1195.34,774.06,Concluída,7,
V00743,2025-01-06,C005,E-commerce Livre,B2C,Sudeste,RJ,P004,Monitor 24,Informática,Loja Física,Fernanda Rocha,Cartão Crédito,1,957.25,0.05,957.25,47.86,909.39,568.2,341.19,Concluída,3,4.0
V00744,2026-01-20,C009,Shopping Mix,B2C,Nordeste,PE,P001,Notebook Pro 14,Informática,E-commerce,Carla Mendes,Transferência,10,4373.93,0.05,43739.3,2186.96,41552.34,33421.6,8130.74,Concluída,7,4.0
V00745,2025-06-08,C006,Mercado Central,B2B,Nordeste,BA,P002,Mouse Wireless,Acessórios,Marketplace,Fernanda Rocha,Boleto,6,89.28,0.1,535.68,53.57,482.11,218.76,263.35,Concluída,7,4.0
V00746,2026-03-10,C005,E-commerce Livre,B2C,Sudeste,RJ,P009,Smartphone X,Telefonia,Representante,Fernanda Rocha,Boleto,3,2793.86,0.05,8381.58,419.08,7962.5,5708.94,2253.56,Concluída,3,4.0
V00747,2026-02-28,C007,Loja Avenida,B2C,Centro-Oeste,GO,P004,Monitor 24,Informática,Marketplace,,Boleto,1,870.47,0.0,870.47,0.0,870.47,567.5,302.97,Concluída,10,3.0
V00748,2026-05-11,C009,Shopping Mix,B2C,Nordeste,PE,P009,Smartphone X,Telefonia,Representante,Carla Mendes,Boleto,3,2929.48,0.0,8788.44,0.0,8788.44,6214.41,2574.03,Concluída,4,1.0
V00749,2025-05-02,C007,Loja Avenida,B2C,Centro-Oeste,GO,P003,Teclado Mecânico,Acessórios,E-commerce,Diego Alves,Pix,4,334.56,0.0,1338.24,0.0,1338.24,572.04,766.2,Pendente,4,4.0
V00750,2026-06-05,C002,Beta Varejo,B2B,Sudeste,MG,P004,Monitor 24,Informática,Marketplace,Carla Mendes,Cartão Crédito,6,941.44,0.03,5648.64,169.46,5479.18,3892.8,1586.38,Devolvida,4,4.0
V00751,2025-01-06,C003,Casa Norte,B2C,Norte,AM,P007,Mesa Office,Móveis,Loja Física,Bruno Lima,Transferência,2,867.89,0.05,1735.78,86.79,1648.99,804.08,844.91,Devolvida,4,2.0
V00752,2025-04-01,C010,Tech Mais,B2C,Sudeste,SP,P007,Mesa Office,Móveis,Loja Física,Carla Mendes,Pix,3,773.59,0.08,2320.77,185.66,2135.11,1234.17,900.94,Cancelada,5,2.0
V00753,2025-02-08,C006,Mercado Central,B2B,Nordeste,BA,P002,Mouse Wireless,informatica,Marketplace,Diego Alves,Boleto,10,96.21,0.0,962.1,0.0,962.1,381.7,580.4,Cancelada,4,3.0
V00754,2025-06-29,C010,Tech Mais,B2C,Sudeste,SP,P001,Notebook Pro 14,Informática,Marketplace,Diego Alves,Cartão Crédito,1,4055.22,0.08,4055.22,324.42,3730.8,3064.92,665.88,Concluída,3,4.0
V00755,2025-10-20,C004,Delta Store,B2B,Sul,PR,P009,Smartphone X,Telefonia,E-commerce,Ana Souza,Pix,8,2731.3,0.15,21850.4,3277.56,18572.84,15956.32,2616.52,Concluída,10,4.0
V00756,2025-02-06,C010,Tech Mais,B2C,Sudeste,SP,P003,Teclado Mecânico,Acessórios,Representante,Bruno Lima,Cartão Crédito,4,357.25,0.0,1429.0,0.0,1429.0,543.68,885.32,Concluída,3,3.0
V00757,2025-10-10,C003,Casa Norte,B2C,Norte,AM,P002,Mouse Wireless,Acessórios,Marketplace,Carla Mendes,Transferência,1,85.96,0.08,85.96,6.88,79.08,35.88,43.2,Concluída,5,4.0
V00758,2025-07-25,C007,Loja Avenida,B2C,Centro-Oeste,GO,P010,Carregador USB-C,Telefonia,Loja Física,Ana Souza,Cartão Crédito,1,117.96,0.0,117.96,0.0,117.96,44.4,73.56,Devolvida,4,4.0
V00759,2025-12-23,C009,Shopping Mix,B2C,Nordeste,PE,P005,Headset Gamer,Acessórios,Representante,Carla Mendes,Pix,3,236.55,0.1,709.65,70.96,638.69,340.5,298.19,Concluída,5,
V00760,2026-04-11,C010,Tech Mais,B2C,Sudeste,SP,P004,Monitor 24,Informática,Marketplace,Fernanda Rocha,Cartão Crédito,10,900.65,0.03,9006.5,270.2,8736.3,5918.0,2818.3,Pendente,3,5.0
V00761,2026-02-21,C005,E-commerce Livre,B2C,Sudeste,RJ,P003,Teclado Mecânico,Acessórios,Loja Física,Fernanda Rocha,Cartão Crédito,2,307.64,0.0,615.28,0.0,615.28,318.94,296.34,Concluída,5,2.0
V00762,2025-12-15,C009,Shopping Mix,B2C,Nordeste,PE,P005,Headset Gamer,Acessórios,Loja Física,Fernanda Rocha,Boleto,1,239.21,0.03,239.21,7.18,232.03,101.49,130.54,Concluída,2,4.0
V00763,2025-09-14,C009,Shopping Mix,B2C,Nordeste,PE,P010,Carregador USB-C,Telefonia,Marketplace,,Transferência,10,121.86,0.0,1218.6,0.0,1218.6,429.6,789.0,Devolvida,2,5.0
V00764,2026-04-15,C004,Delta Store,B2B,Sul,PR,P006,Cadeira Ergonômica,Móveis,Marketplace,Fernanda Rocha,Cartão Crédito,8,1242.12,0.0,9936.96,0.0,9936.96,7606.8,2330.16,Concluída,2,4.0
V00765,2025-09-22,C008,Prime Atacado,B2B,Sul,RS,P002,Mouse Wireless,Acessórios,Loja Física,Diego Alves,Pix,2,99.98,0.05,199.96,10.0,189.96,83.54,106.42,Concluída,5,4.0
V00766,2026-02-27,C004,Delta Store,B2B,Sul,PR,P006,Cadeira Ergonômica,Móveis,Representante,Fernanda Rocha,Cartão Crédito,2,1265.24,0.15,2530.48,379.57,2150.91,1868.06,282.85,Concluída,5,3.0
V00767,2025-10-22,C005,E-commerce Livre,B2C,Sudeste,RJ,P004,Monitor 24,Informática,Loja Física,Diego Alves,Boleto,3,937.08,0.03,2811.24,84.34,2726.9,2009.79,717.11,Concluída,4,5.0
V00768,2025-07-02,C002,Beta Varejo,B2B,Sudeste,MG,P009,Smartphone X,Telefonia,Marketplace,Carla Mendes,Boleto,1,2756.86,0.0,2756.86,0.0,2756.86,1975.5,781.36,Cancelada,4,5.0
V00769,2025-10-03,C004,Delta Store,B2B,Sudeste ,PR,P010,Carregador USB-C,Telefonia,E-commerce,Bruno Lima,Transferência,3,107.28,0.08,321.84,25.75,296.09,121.32,174.77,Concluída,4,4.0
V00770,2025-09-05,C004,Delta Store,B2B,Sul,PR,P004,Monitor 24,Informática,Representante,Bruno Lima,Pix,1,927.94,0.03,927.94,27.84,900.1,610.12,289.98,Pendente,5,5.0
V00771,2025-12-31,C004,Delta Store,B2B,Sul,PR,P004,Monitor 24,Informática,E-commerce,Ana Souza,Cartão Crédito,1,912.45,0.08,912.45,73.0,839.45,625.23,214.22,Concluída,4,3.0
V00772,2025-01-07,C002,Beta Varejo,B2B,Sudeste,MG,P008,Webcam Full HD,Acessórios,Loja Física,Diego Alves,Boleto,2,207.22,0.08,414.44,33.16,381.28,173.5,207.78,Pendente,10,4.0
V00773,2026-05-20,C010,Tech Mais,B2C,Sudeste,SP,P006,Cadeira Ergonômica,Móveis,Representante,Diego Alves,Pix,2,1480.98,0.15,2961.96,444.29,2517.67,1739.68,777.99,Concluída,5,5.0
V00774,2026-02-12,C009,Shopping Mix,B2C,Nordeste,PE,P005,Headset Gamer,Acessórios,E-commerce,Fernanda Rocha,Pix,2,254.89,0.0,509.78,0.0,509.78,195.06,314.72,Concluída,4,4.0
V00775,2026-03-10,C001,Alfa Distribuidora,B2B,Sudeste,SP,P009,Smartphone X,Telefonia,Marketplace,Fernanda Rocha,Cartão Crédito,3,2717.57,0.0,8152.71,0.0,8152.71,5795.67,2357.04,Pendente,4,4.0
V00776,2026-02-08,C009,Shopping Mix,B2C,Nordeste,PE,P006,Cadeira Ergonômica,Móveis,E-commerce,Diego Alves,Cartão Crédito,3,1507.05,0.0,4521.15,0.0,4521.15,2721.27,1799.88,Concluída,5,2.0
V00777,2025-11-20,C009,Shopping Mix,B2C,Nordeste,PE,P008,Webcam Full HD,Acessórios,Loja Física,Ana Souza,Pix,4,191.96,0.03,767.84,23.04,744.8,379.12,365.68,Concluída,7,2.0
V00778,2025-04-14,C007,Loja Avenida,B2C,Centro-Oeste,GO,P010,Carregador USB-C,Telefonia,Representante,Carla Mendes,,5,110.14,0.0,550.7,0.0,550.7,198.25,352.45,Pendente,2,3.0
V00779,2025-09-27,C003,Casa Norte,B2C,Norte,AM,P009,Smartphone X,Telefonia,E-commerce,Carla Mendes,Transferência,2,2902.06,0.03,5804.12,174.12,5630.0,3732.76,1897.24,Concluída,3,3.0
V00780,2026-01-10,C010,Tech Mais,B2C,Sudeste,SP,P006,Cadeira Ergonômica,Móveis,E-commerce,Diego Alves,Transferência,2,1424.1,0.0,2848.2,0.0,2848.2,1715.64,1132.56,Concluída,15,
V00781,2026-01-17,C004,Delta Store,B2B,Sul,PR,P007,Mesa Office,Móveis,Representante,Diego Alves,Boleto,5,743.47,0.0,3717.35,0.0,3717.35,2100.65,1616.7,Concluída,4,5.0
V00782,2025-05-15,C008,Prime Atacado,B2B,Sul,RS,P003,Teclado Mecânico,Acessórios,E-commerce,Ana Souza,Boleto,6,347.48,0.0,2084.88,0.0,2084.88,908.04,1176.84,Concluída,2,5.0
V00783,2026-03-19,C004,Delta Store,B2B,Sul,PR,P009,Smartphone X,Telefonia,Marketplace,Bruno Lima,Pix,1,2772.06,0.0,2772.06,0.0,2772.06,2068.72,703.34,Concluida,4,5.0
V00784,2025-01-10,C003,Casa Norte,B2C,Norte,AM,P008,Webcam Full HD,Acessórios,E-commerce,Diego Alves,Transferência,2,209.62,0.05,419.24,20.96,398.28,188.06,210.22,Pendente,3,5.0
V00785,2025-11-20,C003,Casa Norte,B2C,Norte,AM,P009,Smartphone X,Telefonia,Marketplace,Carla Mendes,Boleto,3,3083.7,0.0,9251.1,0.0,9251.1,6268.62,2982.48,Concluída,3,4.0
V00786,2025-02-18,C009,Shopping Mix,B2C,Nordeste,PE,P010,Carregador USB-C,Telefonia,Marketplace,Ana Souza,Pix,2,113.02,0.1,226.04,22.6,203.44,85.88,117.56,Concluída,4,2.0
V00787,2025-09-18,C001,Alfa Distribuidora,B2B,Sudeste,SP,P004,Monitor 24,Informática,Marketplace,Ana Souza,Transferência,1,897.33,0.0,897.33,0.0,897.33,581.16,316.17,Concluída,4,4.0
V00788,2026-01-05,C006,Mercado Central,B2B,Nordeste,BA,P005,Headset Gamer,Acessórios,Representante,Fernanda Rocha,Boleto,3,223.04,0.1,669.12,66.91,602.21,339.0,263.21,Concluída,2,5.0
V00789,2026-02-26,C006,Mercado Central,B2B,Nordeste,BA,P001,Notebook Pro 14,Informática,Loja Física,Carla Mendes,Pix,5,4489.41,0.0,22447.05,0.0,22447.05,15797.55,6649.5,Cancelada,5,5.0
V00790,2025-06-28,C010,Tech Mais,B2C,Sudeste,SP,P010,Carregador USB-C,Telefonia,Representante,Carla Mendes,Boleto,2,111.79,0.0,223.58,0.0,223.58,86.94,136.64,Concluída,4,4.0
V00791,2026-04-03,C009,Shopping Mix,B2C,Nordeste,PE,P008,Webcam Full HD,Acessórios,Loja Física,Diego Alves,Boleto,3,195.16,0.05,585.48,29.27,556.21,287.04,269.17,Concluída,2,3.0
V00792,2025-06-21,C008,Prime Atacado,B2B,Sul,RS,P003,Teclado Mecânico,Acessórios,Representante,Diego Alves,Transferência,6,325.18,0.03,1951.08,58.53,1892.55,817.14,1075.41,Concluída,7,5.0
V00793,2025-06-15,C002,Beta Varejo,B2B,Sudeste,MG,P002,Mouse Wireless,Acessórios,Representante,Bruno Lima,Boleto,3,87.07,0.0,261.21,0.0,261.21,105.9,155.31,Concluída,3,4.0
V00794,2025-10-01,C006,Mercado Central,B2B,Nordeste,BA,P005,Headset Gamer,Acessórios,Marketplace,Carla Mendes,Transferência,2,265.79,0.05,531.58,26.58,505.0,224.76,280.24,Concluída,2,5.0
V00795,2026-06-18,C006,Mercado Central,B2B,Nordeste,BA,P010,Carregador USB-C,Telefonia,Marketplace,Diego Alves,Pix,2,114.47,0.0,228.94,0.0,228.94,92.36,136.58,Concluída,3,
V00796,2025-05-09,C003,Casa Norte,B2C,Norte,AM,P001,Notebook Pro 14,Informática,E-commerce,Carla Mendes,Cartão Crédito,1,4423.74,0.05,4423.74,221.19,4202.55,3265.17,937.38,Pendente,15,2.0
V00797,2026-02-11,C004,Delta Store,B2B,Sul,PR,P003,Teclado Mecânico,Acessórios,Loja Física,Ana Souza,Cartão Crédito,5,333.5,0.05,1667.5,83.38,1584.12,683.75,900.37,Concluída,15,
V00798,2025-02-25,C008,Prime Atacado,B2B,Sul,RS,P009,Smartphone X,Telefonia,Loja Física,Diego Alves,Cartão Crédito,2,2544.61,0.0,5089.22,0.0,5089.22,4232.26,856.96,Concluída,4,2.0
V00799,2025-06-09,C002,Beta Varejo,B2B,Sudeste,MG,P005,Headset Gamer,Acessórios,Loja Física,Diego Alves,Boleto,2,240.76,0.1,481.52,48.15,433.37,217.44,215.93,Concluída,5,2.0
V00800,2025-10-18,C004,Delta Store,B2B,Sul,PR,P004,Monitor 24,Informática,Marketplace,Bruno Lima,Pix,10,871.5,0.03,8715.0,261.45,8453.55,6002.1,2451.45,Concluída,5,5.0
V00801,2025-01-30,C009,Shopping Mix,B2C,Nordeste,PE,P003,Teclado Mecânico,Acessórios,Loja Física,Carla Mendes,Boleto,2,310.22,0.0,620.44,0.0,620.44,301.02,319.42,Concluída,5,5.0
V00802,2025-10-06,C008,Prime Atacado,B2B,Sul,RS,P008,Webcam Full HD,Acessórios,Marketplace,Bruno Lima,Pix,6,209.75,0.03,1258.5,37.75,1220.75,504.3,716.45,Concluída,7,4.0
V00803,2026-04-13,C010,Tech Mais,B2C,Sudeste,SP,P010,Carregador USB-C,Telefonia,Marketplace,Fernanda Rocha,Boleto,2,119.3,0.08,238.6,19.09,219.51,80.96,138.55,Concluída,3,3.0
V00804,2025-08-21,C006,Mercado Central,B2B,Nordeste,BA,P008,Webcam Full HD,Acessórios,Loja Física,Diego Alves,Boleto,8,226.91,0.08,1815.28,145.22,1670.06,668.72,1001.34,Cancelada,4,4.0
V00805,2025-09-24,C006,Mercado Central,B2B,Nordeste,BA,P007,Mesa Office,Móveis,E-commerce,Carla Mendes,Cartão Crédito,3,717.68,0.05,2153.04,107.65,2045.39,1322.04,723.35,Concluída,3,3.0
V00806,2025-05-20,C001,Alfa Distribuidora,B2B,Sudeste,SP,P009,Smartphone X,Telefonia,Representante,Carla Mendes,Transferência,1,2882.08,0.08,2882.08,230.57,2651.51,1827.84,823.67,Concluída,5,5.0
V00807,2026-05-19,C009,Shopping Mix,B2C,Nordeste,PE,P001,Notebook Pro 14,Informática,Marketplace,Carla Mendes,Cartão Crédito,2,4103.04,0.03,8206.08,246.18,7959.9,5913.08,2046.82,Concluída,7,5.0
V00808,2025-08-25,C007,Loja Avenida,B2C,Sudeste ,GO,P005,Headset Gamer,Acessórios,Loja Física,Fernanda Rocha,Boleto,3,255.16,0.05,765.48,38.27,727.21,301.47,425.74,Concluída,3,3.0
V00809,2026-03-24,C004,Delta Store,B2B,Sul,PR,P007,Mesa Office,Móveis,Marketplace,Bruno Lima,Pix,4,849.34,0.15,3397.36,509.6,2887.76,1776.92,1110.84,Concluída,2,5.0
V00810,2025-08-14,C007,Loja Avenida,B2C,Centro-Oeste,GO,P007,Mesa Office,Móveis,Representante,Ana Souza,Transferência,3,808.1,0.08,2424.3,193.94,2230.36,1350.09,880.27,Cancelada,2,5.0
V00811,2025-10-06,C004,Delta Store,B2B,Sul,PR,P009,Smartphone X,Telefonia,Representante,Fernanda Rocha,Boleto,6,2696.26,0.05,16177.56,808.88,15368.68,11601.42,3767.26,Pendente,2,5.0
V00812,2025-03-12,C007,Loja Avenida,B2C,Centro-Oeste,GO,P004,Monitor 24,Informática,E-commerce,Bruno Lima,Boleto,1,940.45,0.0,940.45,0.0,940.45,587.05,353.4,Concluída,10,3.0
V00813,2026-04-09,C002,Beta Varejo,B2B,Sudeste,MG,P008,Webcam Full HD,Acessórios,Representante,Fernanda Rocha,Transferência,1,224.06,0.03,224.06,6.72,217.34,97.57,119.77,Concluída,5,4.0
V00814,2025-01-20,C004,Delta Store,B2B,Sul,PR,P006,Cadeira Ergonômica,Móveis,E-commerce,Ana Souza,Cartão Crédito,1,1417.98,0.03,1417.98,42.54,1375.44,918.61,456.83,Concluída,4,4.0
V00815,2025-10-16,C003,Casa Norte,B2C,Norte,AM,P002,Mouse Wireless,Acessórios,Representante,,Transferência,10,91.61,0.0,916.1,0.0,916.1,373.9,542.2,Concluída,3,
V00816,2025-04-03,C001,Alfa Distribuidora,B2B,Sudeste,SP,P004,Monitor 24,Informática,E-commerce,Ana Souza,Transferência,2,976.4,0.0,1952.8,0.0,1952.8,1266.58,686.22,Devolvida,3,
V00817,2026-03-07,C004,Delta Store,B2B,Sul,PR,P006,Cadeira Ergonômica,Móveis,Representante,Diego Alves,Boleto,2,1495.88,0.05,2991.76,149.59,2842.17,1695.26,1146.91,Concluída,4,3.0
V00818,2025-12-05,C008,Prime Atacado,B2B,Sul,RS,P001,Notebook Pro 14,Informática,Loja Física,Bruno Lima,Cartão Crédito,1,3876.71,0.0,3876.71,0.0,3876.71,3242.77,633.94,Concluída,3,5.0
V00819,2025-03-15,C005,E-commerce Livre,B2C,Sudeste,RJ,P007,Mesa Office,Móveis,Marketplace,Bruno Lima,Pix,1,718.75,0.0,718.75,0.0,718.75,467.1,251.65,Cancelada,4,5.0
V00820,2025-01-13,C005,E-commerce Livre,B2C,Sudeste,RJ,P007,Mesa Office,Móveis,Loja Física,Bruno Lima,Transferência,3,818.19,0.05,2454.57,122.73,2331.84,1332.78,999.06,Concluída,2,4.0
V00821,2025-02-04,C008,Prime Atacado,B2B,Sul,RS,P004,Monitor 24,Informática,E-commerce,Diego Alves,Cartão Crédito,6,912.51,0.08,5475.06,438.0,5037.06,4020.48,1016.58,Concluída,5,5.0
V00822,2026-04-30,C009,Shopping Mix,B2C,Nordeste,PE,P004,Monitor 24,Informática,Marketplace,Carla Mendes,Boleto,10,993.98,0.05,9939.8,496.99,9442.81,5879.5,3563.31,Cancelada,2,5.0
V00823,2026-06-18,C003,Casa Norte,B2C,Norte,AM,P001,Notebook Pro 14,Informática,Loja Física,Carla Mendes,Transferência,8,4133.74,0.05,33069.92,1653.5,31416.42,24337.2,7079.22,Concluída,4,5.0
V00824,2026-01-05,C005,E-commerce Livre,B2C,Sudeste,RJ,P004,Monitor 24,Informática,Loja Física,Bruno Lima,Cartão Crédito,8,985.2,0.0,7881.6,0.0,7881.6,5258.0,2623.6,Concluida,3,2.0
V00825,2025-11-29,C004,Delta Store,B2B,Sul,PR,P007,Mesa Office,Móveis,Loja Física,Bruno Lima,Boleto,2,858.53,0.05,1717.06,85.85,1631.21,902.82,728.39,Concluída,5,1.0
V00826,2026-02-10,C010,Tech Mais,B2C,Sudeste,SP,P002,Mouse Wireless,Acessórios,E-commerce,Ana Souza,Cartão Crédito,2,98.6,0.0,197.2,0.0,197.2,81.18,116.02,Concluída,5,4.0
V00827,2025-06-08,C010,Tech Mais,B2C,Sudeste,SP,P008,Webcam Full HD,Acessórios,Representante,Ana Souza,Pix,3,193.96,0.0,581.88,0.0,581.88,292.59,289.29,Concluída,7,
V00828,2025-04-04,C003,Casa Norte,B2C,Norte,AM,P008,Webcam Full HD,Acessórios,Representante,Ana Souza,Cartão Crédito,1,201.25,0.05,201.25,10.06,191.19,98.44,92.75,Devolvida,4,5.0
V00829,2025-04-20,C006,Mercado Central,B2B,Nordeste,BA,P003,Teclado Mecânico,Acessórios,E-commerce,Diego Alves,Pix,1,356.81,0.15,356.81,53.52,303.29,137.67,165.62,Concluída,2,4.0
V00830,2025-12-22,C006,Mercado Central,B2B,Nordeste,BA,P009,Smartphone X,Telefonia,Marketplace,Bruno Lima,Cartão Crédito,5,2753.04,0.0,13765.2,0.0,13765.2,9717.85,4047.35,Pendente,5,4.0
V00831,2025-05-18,C007,Loja Avenida,B2C,Centro-Oeste,GO,P006,Cadeira Ergonômica,Móveis,Representante,Ana Souza,Transferência,1,1507.89,0.08,1507.89,120.63,1387.26,844.48,542.78,Concluída,2,3.0
V00832,2025-10-29,C008,Prime Atacado,B2B,Sul,RS,P009,Smartphone X,Telefonia,Marketplace,Bruno Lima,Pix,3,3092.12,0.03,9276.36,278.29,8998.07,6366.09,2631.98,Concluída,5,5.0
V00833,2025-11-28,C009,Shopping Mix,B2C,Nordeste,PE,P006,Cadeira Ergonômica,Móveis,Marketplace,Carla Mendes,Pix,1,1322.28,0.05,1322.28,66.11,1256.17,811.47,444.7,Concluída,5,
V00834,2025-06-08,C002,Beta Varejo,B2B,Sudeste,MG,P009,Smartphone X,Telefonia,Marketplace,Carla Mendes,Boleto,3,3022.69,0.0,9068.07,0.0,9068.07,6316.29,2751.78,Concluída,10,4.0
V00835,2026-04-10,C009,Shopping Mix,B2C,Nordeste,PE,P006,Cadeira Ergonômica,Móveis,Loja Física,Fernanda Rocha,Transferência,3,1402.12,0.0,4206.36,0.0,4206.36,2469.0,1737.36,Concluída,2,5.0
V00836,2026-01-08,C003,Casa Norte,B2C,Norte,AM,P001,Notebook Pro 14,Informática,E-commerce,Carla Mendes,Cartão Crédito,1,3975.43,0.05,3975.43,198.77,3776.66,2981.69,794.97,Concluída,3,
V00837,2025-07-14,C009,Shopping Mix,B2C,Nordeste,PE,P007,Mesa Office,Móveis,Marketplace,Fernanda Rocha,Pix,6,850.23,0.0,5101.38,0.0,5101.38,2727.66,2373.72,Concluída,2,1.0
V00838,2025-11-27,C010,Tech Mais,B2C,Sudeste,SP,P005,Headset Gamer,Acessórios,Marketplace,Carla Mendes,Cartão Crédito,3,240.04,0.03,720.12,21.6,698.52,290.22,408.3,Concluída,5,4.0
V00839,2025-03-10,C002,Beta Varejo,B2B,Sudeste,MG,P009,Smartphone X,Telefonia,Loja Física,Bruno Lima,Pix,4,2663.54,0.08,10654.16,852.33,9801.83,8125.28,1676.55,Concluída,3,5.0
V00840,2025-04-20,C001,Alfa Distribuidora,B2B,Sudeste,SP,P004,Monitor 24,Informática,Marketplace,Bruno Lima,Cartão Crédito,5,882.38,0.0,4411.9,0.0,4411.9,3282.0,1129.9,Concluída,4,4.0
V00841,2026-02-02,C001,Alfa Distribuidora,B2B,Sudeste,SP,P010,Carregador USB-C,Telefonia,Marketplace,Fernanda Rocha,Boleto,1,114.17,0.0,114.17,0.0,114.17,46.17,68.0,Concluída,4,5.0
V00842,2025-08-15,C001,Alfa Distribuidora,B2B,Sudeste,SP,P006,Cadeira Ergonômica,Móveis,Loja Física,Ana Souza,Pix,8,1452.84,0.03,11622.72,348.68,11274.04,7303.6,3970.44,Concluída,4,3.0
V00843,2026-04-25,C008,Prime Atacado,B2B,Sul,RS,P002,Mouse Wireless,Acessórios,Loja Física,Carla Mendes,Transferência,3,90.64,0.1,271.92,27.19,244.73,111.75,132.98,Pendente,5,5.0
V00844,2025-09-30,C006,Mercado Central,B2B,Nordeste,BA,P001,Notebook Pro 14,Informática,Loja Física,Ana Souza,Boleto,3,3899.55,0.0,11698.65,0.0,11698.65,8581.29,3117.36,Concluída,4,5.0
V00845,2026-06-16,C002,Beta Varejo,B2B,Sudeste,MG,P004,Monitor 24,Informática,Loja Física,Ana Souza,Pix,1,833.22,0.0,833.22,0.0,833.22,662.94,170.28,Concluída,4,4.0
V00846,2025-07-14,C009,Shopping Mix,B2C,Nordeste,PE,P007,Mesa Office,Móveis,E-commerce,Fernanda Rocha,Pix,1,870.95,0.05,870.95,43.55,827.4,417.69,409.71,Concluída,2,
V00847,2026-03-02,C010,Tech Mais,B2C,Sudeste,SP,P003,Teclado Mecânico,Acessórios,Loja Física,Fernanda Rocha,Boleto,1,333.62,0.0,333.62,0.0,333.62,152.13,181.49,Concluida,5,5.0
V00848,2025-04-17,C008,Prime Atacado,B2B,Sul,RS,P007,Mesa Office,Móveis,E-commerce,Bruno Lima,Transferência,6,715.49,0.0,4292.94,0.0,4292.94,2488.92,1804.02,Pendente,4,5.0
V00849,2025-06-11,C009,Shopping Mix,B2C,Nordeste,PE,P006,Cadeira Ergonômica,Móveis,Marketplace,Carla Mendes,Boleto,4,1277.99,0.0,5111.96,0.0,5111.96,3377.8,1734.16,Concluída,3,1.0
V00850,2026-01-16,C009,Shopping Mix,B2C,Nordeste,PE,P006,Cadeira Ergonômica,Móveis,Marketplace,Diego Alves,Boleto,6,1501.79,0.0,9010.74,0.0,9010.74,5120.46,3890.28,Concluída,5,5.0
V00851,2025-08-08,C010,Tech Mais,B2C,Sudeste,,P004,Monitor 24,Informática,Marketplace,Fernanda Rocha,Boleto,1,832.26,0.08,832.26,66.58,765.68,628.87,136.81,Concluída,5,4.0
V00852,2026-04-04,C006,Mercado Central,B2B,Nordeste,BA,P008,Webcam Full HD,Acessórios,Marketplace,Ana Souza,Cartão Crédito,2,224.56,0.08,449.12,35.93,413.19,178.58,234.61,Pendente,4,5.0
V00853,2025-01-17,C005,E-commerce Livre,B2C,Sudeste,RJ,P010,Carregador USB-C,Telefonia,E-commerce,Carla Mendes,Cartão Crédito,3,120.72,0.1,362.16,36.22,325.94,117.9,208.04,Pendente,7,5.0
V00854,2025-08-08,C005,E-commerce Livre,B2C,Sudeste,RJ,P004,Monitor 24,Informática,Representante,Ana Souza,Boleto,1,958.64,0.08,958.64,76.69,881.95,592.95,289.0,Pendente,2,3.0
V00855,2025-06-08,C009,Shopping Mix,B2C,Nordeste,PE,P009,Smartphone X,Telefonia,Loja Física,Ana Souza,Transferência,3,2874.69,0.05,8624.07,431.2,8192.87,5482.95,2709.92,Pendente,2,3.0
V00856,2025-05-22,C006,Mercado Central,B2B,Nordeste,BA,P003,Teclado Mecânico,Acessórios,Representante,Carla Mendes,Pix,1,327.91,0.1,327.91,32.79,295.12,150.78,144.34,Cancelada,2,4.0
V00857,2025-11-04,C004,Delta Store,B2B,Sul,PR,P005,Headset Gamer,Acessórios,Loja Física,Fernanda Rocha,Transferência,2,242.35,0.0,484.7,0.0,484.7,219.08,265.62,Concluída,7,4.0
V00858,2025-03-21,C010,Tech Mais,B2C,Sudeste,SP,P004,Monitor 24,Informática,Representante,Diego Alves,Pix,1,927.93,0.0,927.93,0.0,927.93,656.99,270.94,Concluída,3,
V00859,2025-04-08,C008,Prime Atacado,B2B,Sul,RS,P010,Carregador USB-C,Telefonia,Representante,Ana Souza,Transferência,3,100.76,0.05,302.28,15.11,287.17,121.65,165.52,Cancelada,7,
V00860,2025-12-09,C002,Beta Varejo,B2B,Sudeste,MG,P001,Notebook Pro 14,Informática,Representante,Diego Alves,Transferência,3,4200.38,0.05,12601.14,630.06,11971.08,8636.19,3334.89,Concluída,5,2.0
V00861,2025-01-12,C002,Beta Varejo,B2B,Sudeste,MG,P004,Monitor 24,Informática,Marketplace,Ana Souza,Boleto,2,968.07,0.08,1936.14,154.89,1781.25,1144.2,637.05,Concluída,3,5.0
V00862,2025-11-23,C009,Shopping Mix,B2C,Nordeste,PE,P001,Notebook Pro 14,Informática,E-commerce,Carla Mendes,Pix,1,4445.28,0.0,4445.28,0.0,4445.28,3148.1,1297.18,Concluída,7,4.0
V00863,2026-02-07,C003,Casa Norte,B2C,Norte,AM,P001,Notebook Pro 14,Informática,Marketplace,Fernanda Rocha,Cartão Crédito,3,3997.77,0.05,11993.31,599.67,11393.64,9856.95,1536.69,Concluída,7,5.0
V00864,2025-10-24,C004,Delta Store,B2B,Sul,PR,P007,Mesa Office,Móveis,Marketplace,Bruno Lima,Pix,0,775.37,0.0,775.37,0.0,775.37,449.81,325.56,Concluida,2,4.0
V00865,2026-05-03,C006,Mercado Central,B2B,Nordeste,BA,P002,Mouse Wireless,Acessórios,Loja Física,Fernanda Rocha,Transferência,5,105.07,0.03,525.35,15.76,509.59,207.3,302.29,Concluída,4,5.0
V00866,2026-02-13,C005,E-commerce Livre,B2C,Sudeste,RJ,P002,Mouse Wireless,Acessórios,Marketplace,Bruno Lima,Pix,3,95.36,0.03,286.08,8.58,277.5,122.25,155.25,Cancelada,4,4.0
V00867,2025-07-22,C008,Prime Atacado,B2B,Sul,RS,P009,Smartphone X,Telefonia,Marketplace,Diego Alves,Pix,3,2872.83,0.0,8618.49,0.0,8618.49,6313.71,2304.78,Concluída,4,3.0
V00868,2026-06-21,C009,Shopping Mix,B2C,Nordeste,PE,P010,Carregador USB-C,Telefonia,E-commerce,Bruno Lima,Cartão Crédito,1,121.97,0.0,121.97,0.0,121.97,39.92,82.05,Concluída,4,2.0
V00869,2025-11-28,C005,E-commerce Livre,B2C,Sudeste,RJ,P007,Mesa Office,Móveis,Loja Física,Ana Souza,Transferência,2,795.37,0.03,1590.74,47.72,1543.02,846.4,696.62,Concluída,15,4.0
V00870,2025-12-23,C007,Loja Avenida,B2C,Centro-Oeste,GO,P006,Cadeira Ergonômica,Móveis,E-commerce,Carla Mendes,Boleto,2,1287.31,0.03,2574.62,77.24,2497.38,1838.68,658.7,Concluída,5,1.0
V00871,2025-11-09,C010,Tech Mais,B2C,Sudeste,SP,P001,Notebook Pro 14,Informática,E-commerce,Carla Mendes,Transferência,2,4496.9,0.0,8993.8,0.0,8993.8,6230.98,2762.82,Concluída,7,2.0
V00872,2026-03-28,C010,Tech Mais,B2C,Sudeste,SP,P003,Teclado Mecânico,Acessórios,Loja Física,Bruno Lima,Pix,0,301.95,0.08,1811.7,144.94,1666.76,855.6,811.16,Concluída,4,
V00873,2025-03-29,C006,Mercado Central,B2B,Nordeste,BA,P003,Teclado Mecânico,Acessórios,Loja Física,Ana Souza,Pix,1,300.57,0.03,300.57,9.02,291.55,135.54,156.01,Concluída,10,
V00874,2025-10-22,C010,Tech Mais,B2C,Sudeste,SP,P003,Teclado Mecânico,Acessórios,Loja Física,Carla Mendes,Cartão Crédito,2,353.0,0.03,706.0,21.18,684.82,280.88,403.94,Concluída,5,
V00875,2026-04-28,C005,E-commerce Livre,B2C,Sudeste,RJ,P008,Webcam Full HD,Acessórios,Loja Física,Carla Mendes,Pix,2,220.05,0.0,440.1,0.0,440.1,169.28,270.82,Concluída,15,5.0
V00876,2025-07-28,C009,Shopping Mix,B2C,Nordeste,PE,P004,Monitor 24,Informática,Representante,Fernanda Rocha,Transferência,5,900.8,0.0,4504.0,0.0,4504.0,2889.05,1614.95,Concluída,4,5.0
V00877,2025-01-19,C010,Tech Mais,B2C,Sudeste,SP,P003,Teclado Mecânico,Acessórios,Marketplace,Fernanda Rocha,Cartão Crédito,3,293.45,0.0,880.35,0.0,880.35,408.21,472.14,Concluída,10,5.0
V00878,2025-03-03,C005,E-commerce Livre,B2C,Sudeste,RJ,P003,Teclado Mecânico,Acessórios,Representante,Bruno Lima,Boleto,5,320.83,0.0,1604.15,0.0,1604.15,681.15,923.0,Devolvida,7,3.0
V00879,2025-01-09,C001,Alfa Distribuidora,B2B,Sudeste,SP,P008,Webcam Full HD,Acessórios,Loja Física,Diego Alves,Boleto,3,211.52,0.05,634.56,31.73,602.83,294.39,308.44,Concluída,5,2.0
V00880,2025-01-20,C006,Mercado Central,B2B,Nordeste,BA,P002,Mouse Wireless,Acessórios,Representante,Diego Alves,Pix,1,89.42,0.0,89.42,0.0,89.42,40.04,49.38,Concluída,3,5.0
V00881,2025-04-12,C007,Loja Avenida,B2C,Centro-Oeste,GO,P009,Smartphone X,Telefonia,Representante,Diego Alves,Cartão Crédito,1,2705.52,0.0,2705.52,0.0,2705.52,1954.29,751.23,Concluída,4,4.0
V00882,2026-05-28,C003,Casa Norte,B2C,Norte,AM,P004,Monitor 24,Informática,Marketplace,Fernanda Rocha,Cartão Crédito,10,811.95,0.0,8119.5,0.0,8119.5,5670.0,2449.5,Concluída,2,5.0
V00883,2026-06-27,C001,Alfa Distribuidora,B2B,Sudeste,SP,P004,Monitor 24,Informática,Representante,Carla Mendes,Transferência,3,904.19,0.03,2712.57,81.38,2631.19,1739.88,891.31,Concluída,4,5.0
V00884,2025-01-19,C007,Loja Avenida,B2C,Centro-Oeste,GO,P003,Teclado Mecânico,Acessórios,Representante,Carla Mendes,Boleto,1,296.19,0.15,296.19,44.43,251.76,133.97,117.79,Cancelada,7,4.0
V00885,2026-05-29,C005,E-commerce Livre,B2C,Sudeste,RJ,P004,Monitor 24,Informática,Representante,Ana Souza,Boleto,1,829.51,0.05,829.51,41.48,788.03,631.78,156.25,Cancelada,10,5.0
V00886,2025-10-14,C007,Loja Avenida,B2C,Centro-Oeste,GO,P001,Notebook Pro 14,Informática,E-commerce,Bruno Lima,Boleto,1,4004.94,0.08,4004.94,320.4,3684.54,2920.91,763.63,Concluída,5,4.0
V00887,2025-03-31,C007,Loja Avenida,B2C,Centro-Oeste,GO,P003,Teclado Mecânico,Acessórios,Marketplace,Fernanda Rocha,,8,333.78,0.0,2670.24,0.0,2670.24,1265.12,1405.12,Concluída,4,4.0
V00888,2025-06-06,C007,Loja Avenida,B2C,Centro-Oeste,GO,P004,Monitor 24,Informática,Marketplace,Carla Mendes,Boleto,1,898.22,0.0,898.22,0.0,898.22,605.23,292.99,Concluída,7,5.0
V00889,2025-05-15,C008,Prime Atacado,B2B,Sul,RS,P009,Smartphone X,Telefonia,E-commerce,Bruno Lima,Pix,1,2745.8,0.0,2745.8,0.0,2745.8,1875.56,870.24,Cancelada,5,3.0
V00890,2026-06-21,C003,Casa Norte,B2C,Norte,AM,P005,Headset Gamer,Acessórios,E-commerce,Diego Alves,Pix,2,221.59,0.05,443.18,22.16,421.02,197.78,223.24,Pendente,7,4.0
V00891,2025-11-22,C010,Tech Mais,B2C,Sudeste,SP,P003,Teclado Mecânico,Acessórios,Loja Física,Fernanda Rocha,Cartão Crédito,3,352.16,0.03,1056.48,31.69,1024.79,413.85,610.94,Concluída,7,5.0
V00892,2025-05-30,C003,Casa Norte,B2C,Norte,AM,P006,Cadeira Ergonômica,Móveis,Loja Física,Carla Mendes,Transferência,4,1472.45,0.1,5889.8,588.98,5300.82,3777.76,1523.06,Concluída,5,5.0
V00893,2026-03-30,C007,Loja Avenida,B2C,Centro-Oeste,GO,P005,Headset Gamer,Acessórios,Representante,Bruno Lima,Pix,4,248.03,0.0,992.12,0.0,992.12,446.68,545.44,Concluída,2,4.0
V00894,2025-07-09,C002,Beta Varejo,B2B,Sudeste,MG,P003,Teclado Mecânico,Acessórios,Loja Física,Fernanda Rocha,Boleto,1,311.76,0.0,311.76,0.0,311.76,143.85,167.91,Concluída,5,5.0
V00895,2025-08-25,C010,Tech Mais,B2C,Sudeste,SP,P010,Carregador USB-C,Telefonia,E-commerce,Bruno Lima,Cartão Crédito,5,104.21,0.0,521.05,0.0,521.05,225.4,295.65,Concluída,15,5.0
V00896,2026-05-04,C006,Mercado Central,B2B,Nordeste,BA,P002,Mouse Wireless,Acessórios,E-commerce,Fernanda Rocha,Transferência,3,106.01,0.0,318.03,0.0,318.03,111.09,206.94,Concluída,4,
V00897,2026-02-01,C006,Mercado Central,B2B,Nordeste,BA,P003,Teclado Mecânico,Acessórios,Marketplace,Diego Alves,Pix,1,326.68,0.03,326.68,9.8,316.88,150.44,166.44,Concluída,4,5.0
V00898,2025-08-20,C003,Casa Norte,B2C,Norte,AM,P004,Monitor 24,Informática,Loja Física,Diego Alves,Cartão Crédito,1,962.9,0.03,962.9,28.89,934.01,644.89,289.12,Concluída,3,5.0
V00899,2025-08-16,C005,E-commerce Livre,B2C,Sudeste,RJ,P007,Mesa Office,Móveis,E-commerce,Bruno Lima,Cartão Crédito,6,776.15,0.15,4656.9,698.54,3958.36,2583.6,1374.76,Concluída,4,
V00900,2026-05-17,C003,Casa Norte,B2C,Norte,AM,P008,Webcam Full HD,Acessórios,Representante,Diego Alves,Pix,2,229.11,0.1,458.22,45.82,412.4,176.94,235.46,Concluída,7,4.0
V00901,2025-02-12,C007,Loja Avenida,B2C,Centro-Oeste,GO,P007,Mesa Office,Móveis,Marketplace,Carla Mendes,Transferência,5,777.96,0.03,3889.8,116.69,3773.11,2279.05,1494.06,Concluída,4,4.0
V00902,2026-06-22,C010,Tech Mais,B2C,Sudeste,SP,P010,Carregador USB-C,Telefonia,Loja Física,Fernanda Rocha,Cartão Crédito,2,111.73,0.08,223.46,17.88,205.58,82.74,122.84,Concluída,5,4.0
V00903,2025-02-13,C008,Prime Atacado,B2B,Sul,RS,P008,Webcam Full HD,Acessórios,E-commerce,Fernanda Rocha,Transferência,2,232.12,0.05,464.24,23.21,441.03,184.3,256.73,Concluída,2,5.0
V00904,2026-02-01,C001,Alfa Distribuidora,B2B,Sudeste,SP,P009,Smartphone X,Telefonia,Loja Física,Bruno Lima,Boleto,3,2856.18,0.0,8568.54,0.0,8568.54,5551.92,3016.62,Concluída,10,4.0
V00905,2025-11-08,C008,Prime Atacado,B2B,Sul,RS,P007,Mesa Office,Móveis,Representante,Diego Alves,Pix,3,711.04,0.0,2133.12,0.0,2133.12,1353.33,779.79,Concluída,4,4.0
V00906,2025-02-25,C007,Loja Avenida,B2C,Centro-Oeste,GO,P005,Headset Gamer,Acessórios,E-commerce,Diego Alves,Transferência,4,224.88,0.0,899.52,0.0,899.52,421.24,478.28,Concluída,3,5.0
V00907,2025-04-26,C002,Beta Varejo,B2B,Sudeste,MG,P009,Smartphone X,Telefonia,E-commerce,Fernanda Rocha,Pix,4,3027.9,0.0,12111.6,0.0,12111.6,7390.6,4721.0,Concluída,15,5.0
V00908,2025-11-28,C007,Loja Avenida,B2C,Centro-Oeste,GO,P007,Mesa Office,Móveis,Marketplace,Ana Souza,Pix,4,703.26,0.03,2813.04,84.39,2728.65,1594.0,1134.65,Concluída,10,
V00909,2025-07-26,C008,Prime Atacado,B2B,Sul,RS,P010,Carregador USB-C,Telefonia,Marketplace,Ana Souza,Boleto,3,110.09,0.1,330.27,33.03,297.24,131.19,166.05,Concluída,4,4.0
V00910,2025-05-07,C006,Mercado Central,B2B,Nordeste,BA,P003,Teclado Mecânico,Acessórios,Loja Física,Ana Souza,Transferência,3,320.06,0.03,960.18,28.81,931.37,428.13,503.24,Concluída,4,5.0
V00911,2026-06-21,C006,Mercado Central,B2B,Nordeste,BA,P002,Mouse Wireless,Acessórios,Marketplace,Fernanda Rocha,Pix,4,92.57,0.1,370.28,37.03,333.25,164.8,168.45,Concluída,2,5.0
V00912,2026-01-25,C007,Loja Avenida,B2C,Centro-Oeste,GO,P009,Smartphone X,Telefonia,Loja Física,Bruno Lima,Boleto,5,3116.2,0.1,15581.0,1558.1,14022.9,10178.15,3844.75,Concluída,2,4.0
V00913,2025-06-16,C010,Tech Mais,B2C,Sudeste,SP,P003,Teclado Mecânico,Acessórios,E-commerce,Bruno Lima,Cartão Crédito,2,332.25,0.03,664.5,19.93,644.57,305.56,339.01,Concluída,5,2.0
V00914,2025-11-13,C007,Loja Avenida,B2C,Centro-Oeste,GO,P005,Headset Gamer,Acessórios,Marketplace,Carla Mendes,Pix,2,255.61,0.05,511.22,25.56,485.66,230.64,255.02,Concluída,4,4.0
V00915,2025-07-27,C002,Beta Varejo,B2B,Sudeste,MG,P003,Teclado Mecânico,Acessórios,Loja Física,Fernanda Rocha,Boleto,2,348.33,0.05,696.66,34.83,661.83,312.86,348.97,Concluída,7,2.0
V00916,2026-05-25,C001,Alfa Distribuidora,B2B,Sudeste,SP,P008,Webcam Full HD,Acessórios,Marketplace,Fernanda Rocha,Cartão Crédito,6,204.2,0.0,1225.2,0.0,1225.2,546.6,678.6,Pendente,2,4.0
V00917,2025-09-01,C010,Tech Mais,B2C,Sudeste,SP,P008,Webcam Full HD,Acessórios,E-commerce,Fernanda Rocha,Transferência,6,207.3,0.0,1243.8,0.0,1243.8,538.08,705.72,Concluída,10,5.0
V00918,2026-03-29,C008,Prime Atacado,B2B,Sul,RS,P007,Mesa Office,Móveis,Loja Física,Fernanda Rocha,Cartão Crédito,3,871.6,0.03,2614.8,78.44,2536.36,1200.33,1336.03,Concluída,4,3.0
V00919,2025-10-12,C004,Delta Store,B2B,Sul,PR,P009,Smartphone X,Telefonia,E-commerce,Ana Souza,Pix,8,2992.38,0.0,23939.04,0.0,23939.04,16257.28,7681.76,Concluída,10,5.0
V00920,2025-12-24,C003,Casa Norte,B2C,Norte,AM,P001,Notebook Pro 14,Informática,Loja Física,Bruno Lima,Cartão Crédito,3,4495.78,0.03,13487.34,404.62,13082.72,9328.29,3754.43,Concluída,3,4.0
V00921,2025-11-02,C010,Tech Mais,B2C,Sudeste,SP,P010,Carregador USB-C,Telefonia,Representante,Ana Souza,Cartão Crédito,2,99.51,0.05,199.02,9.95,189.07,77.78,111.29,Concluída,5,
V00922,2025-07-02,C002,Beta Varejo,B2B,Sudeste,MG,P007,Mesa Office,Móveis,E-commerce,Carla Mendes,Pix,3,712.91,0.03,2138.73,64.16,2074.57,1382.1,692.47,Pendente,4,4.0
V00923,2026-01-04,C008,Prime Atacado,B2B,Sul,RS,P010,Carregador USB-C,Telefonia,Loja Física,Ana Souza,Boleto,6,103.63,0.05,621.78,31.09,590.69,250.26,340.43,Concluída,4,4.0
V00924,2026-01-24,C006,Mercado Central,B2B,Nordeste,BA,P006,Cadeira Ergonômica,Móveis,Loja Física,Diego Alves,Cartão Crédito,4,1496.79,0.0,5987.16,0.0,5987.16,3709.92,2277.24,Concluída,5,2.0
V00925,2025-05-18,C005,E-commerce Livre,B2C,Sudeste,RJ,P008,Webcam Full HD,Acessórios,Loja Física,Carla Mendes,Boleto,8,224.41,0.05,1795.28,89.76,1705.52,769.2,936.32,Concluída,15,5.0
V00926,2026-06-22,C009,Shopping Mix,B2C,Nordeste,PE,P007,Mesa Office,Móveis,ecommerce,Bruno Lima,Cartão Crédito,8,790.74,0.0,6325.92,0.0,6325.92,3491.84,2834.08,Concluída,5,4.0
V00927,2026-06-26,C002,Beta Varejo,B2B,Sudeste,MG,P010,Carregador USB-C,Telefonia,Loja Física,Diego Alves,Boleto,3,99.24,0.0,297.72,0.0,297.72,127.05,170.67,Pendente,4,4.0
V00928,2025-11-21,C007,Loja Avenida,B2C,Centro-Oeste,GO,P010,Carregador USB-C,Telefonia,Representante,Fernanda Rocha,Boleto,4,113.61,0.0,454.44,0.0,454.44,167.0,287.44,Concluída,15,3.0
V00929,2026-05-24,C003,Casa Norte,B2C,Norte,AM,P010,Carregador USB-C,Telefonia,Marketplace,Diego Alves,Pix,2,99.63,0.0,199.26,0.0,199.26,89.08,110.18,Concluída,2,4.0
V00930,2025-10-25,C010,Tech Mais,B2C,Sudeste,SP,P004,Monitor 24,Informática,E-commerce,Ana Souza,Cartão Crédito,1,817.6,0.08,817.6,65.41,752.19,645.91,106.28,Devolvida,7,5.0
V00931,2025-05-01,C001,Alfa Distribuidora,B2B,Sudeste,SP,P008,Webcam Full HD,Acessórios,E-commerce,Fernanda Rocha,Transferência,1,225.17,0.08,225.17,18.01,207.16,95.75,111.41,Concluída,3,5.0
V00932,2025-12-08,C007,Loja Avenida,B2C,Centro-Oeste,GO,P001,Notebook Pro 14,Informática,Representante,Fernanda Rocha,Pix,4,4686.22,0.0,18744.88,0.0,18744.88,11719.56,7025.32,Concluída,7,3.0
V00933,2025-10-16,C001,Alfa Distribuidora,B2B,Sudeste,SP,P004,Monitor 24,Informática,Representante,Ana Souza,Boleto,1,996.52,0.0,996.52,0.0,996.52,652.91,343.61,Concluída,7,5.0
V00934,2025-11-28,C005,E-commerce Livre,B2C,Sudeste,RJ,P009,Smartphone X,Telefonia,Loja Física,,Boleto,6,3090.53,0.0,18543.18,0.0,18543.18,11090.88,7452.3,Concluída,5,5.0
V00935,2025-01-30,C006,Mercado Central,B2B,Nordeste,BA,P007,Mesa Office,Móveis,E-commerce,Bruno Lima,Boleto,2,806.16,0.0,1612.32,0.0,1612.32,915.8,696.52,Pendente,3,4.0
V00936,2026-05-01,C006,Mercado Central,B2B,Nordeste,BA,P008,Webcam Full HD,Acessórios,Loja Física,Bruno Lima,Transferência,1,214.83,0.03,214.83,6.44,208.39,85.14,123.25,Concluída,4,4.0
V00937,2025-12-10,C003,Casa Norte,B2C,Norte,AM,P008,Webcam Full HD,Acessórios,Marketplace,Diego Alves,Cartão Crédito,3,189.39,0.08,568.17,45.45,522.72,283.05,239.67,Concluída,2,5.0
V00938,2025-11-20,C009,Shopping Mix,B2C,Nordeste,PE,P005,Headset Gamer,Acessórios,Loja Física,Bruno Lima,Boleto,8,228.68,0.0,1829.44,0.0,1829.44,800.56,1028.88,Concluída,3,4.0
V00939,2025-06-02,C006,Mercado Central,B2B,Nordeste,BA,P002,Mouse Wireless,Acessórios,Representante,Ana Souza,Boleto,4,97.21,0.0,388.84,0.0,388.84,151.32,237.52,Concluída,2,2.0
V00940,2025-06-19,C007,Loja Avenida,B2C,Centro-Oeste,GO,P009,Smartphone X,Telefonia,ecommerce,Bruno Lima,Cartão Crédito,6,2567.97,0.05,15407.82,770.39,14637.43,12897.0,1740.43,Concluída,4,5.0
V00941,2025-02-02,C005,E-commerce Livre,B2C,Sudeste,RJ,P006,Cadeira Ergonômica,Móveis,Representante,Diego Alves,Cartão Crédito,6,1494.75,0.05,8968.5,448.42,8520.08,4883.76,3636.32,Concluída,4,4.0
V00942,2026-01-16,C008,Prime Atacado,B2B,Sul,RS,P004,Monitor 24,Informática,Marketplace,Carla Mendes,Pix,1,838.41,0.08,838.41,67.07,771.34,611.04,160.3,Concluída,4,5.0
V00943,2025-06-29,C009,Shopping Mix,B2C,Nordeste,PE,P005,Headset Gamer,Acessórios,Loja Física,Carla Mendes,Cartão Crédito,4,230.38,0.0,921.52,0.0,921.52,405.44,516.08,Pendente,5,4.0
V00944,2026-03-31,C004,Delta Store,B2B,Sul,PR,P002,Mouse Wireless,Acessórios,Loja Física,Diego Alves,Pix,3,93.15,0.08,279.45,22.36,257.09,115.62,141.47,Concluída,3,4.0
V00945,2026-05-11,C004,Delta Store,B2B,Sul,PR,P006,Cadeira Ergonômica,Móveis,Representante,Carla Mendes,Pix,8,1306.58,0.08,10452.64,836.21,9616.43,7360.48,2255.95,Concluída,2,3.0
V00946,2025-05-16,C002,Beta Varejo,B2B,Sudeste,MG,P009,Smartphone X,Telefonia,E-commerce,Ana Souza,Transferência,4,2643.0,0.0,10572.0,0.0,10572.0,8001.64,2570.36,Concluída,2,4.0
V00947,2025-04-29,C007,Loja Avenida,B2C,Centro-Oeste,GO,P009,Smartphone X,Telefonia,Loja Física,Carla Mendes,Cartão Crédito,3,2853.15,0.08,8559.45,684.76,7874.69,5648.37,2226.32,Cancelada,5,5.0
V00948,2025-12-08,C010,Tech Mais,B2C,Sudeste,SP,P002,Mouse Wireless,Acessórios,Marketplace,Ana Souza,Cartão Crédito,4,94.11,0.0,376.44,0.0,376.44,158.04,218.4,Concluída,5,4.0
V00949,2025-01-24,C009,Shopping Mix,B2C,Nordeste,PE,P005,Headset Gamer,Acessórios,Representante,Bruno Lima,Boleto,6,247.01,0.0,1482.06,0.0,1482.06,630.6,851.46,Concluida,7,4.0
V00950,2025-10-21,C004,Delta Store,B2B,Sul,PR,P004,Monitor 24,Informática,Representante,Fernanda Rocha,Boleto,6,853.41,0.0,5120.46,0.0,5120.46,3959.22,1161.24,Devolvida,5,5.0
V00951,2025-10-07,C008,Prime Atacado,B2B,Sul,RS,P002,Mouse Wireless,Acessórios,E-commerce,Bruno Lima,Boleto,1,103.58,0.0,103.58,0.0,103.58,36.18,67.4,Concluída,4,4.0
V00952,2026-06-11,C002,Beta Varejo,B2B,Sudeste,MG,P001,Notebook Pro 14,Informática,Loja Física,Bruno Lima,Boleto,2,3904.72,0.0,7809.44,0.0,7809.44,6240.36,1569.08,Concluída,4,5.0
V00953,2025-10-05,C009,Shopping Mix,B2C,Nordeste,PE,P006,Cadeira Ergonômica,Móveis,E-commerce,Carla Mendes,Pix,6,1439.77,0.0,8638.62,0.0,8638.62,5501.88,3136.74,Concluída,3,4.0
V00954,2025-11-15,C003,Casa Norte,B2C,Norte,AM,P002,Mouse Wireless,Acessórios,Representante,Fernanda Rocha,Transferência,5,90.65,0.0,453.25,0.0,453.25,179.3,273.95,Cancelada,5,4.0
V00955,2025-01-30,C001,Alfa Distribuidora,B2B,Sudeste,SP,P003,Teclado Mecânico,Acessórios,Marketplace,Ana Souza,Cartão Crédito,3,325.14,0.05,975.42,48.77,926.65,418.47,508.18,Devolvida,4,5.0
V00956,2025-03-30,C007,Loja Avenida,B2C,Centro-Oeste,GO,P001,Notebook Pro 14,Informática,Marketplace,Diego Alves,Pix,1,4124.34,0.0,4124.34,0.0,4124.34,3104.37,1019.97,Concluída,7,3.0
V00957,2026-04-02,C010,Tech Mais,B2C,Sudeste,SP,P010,Carregador USB-C,Telefonia,Representante,Carla Mendes,Boleto,4,118.44,0.03,473.76,14.21,459.55,176.96,282.59,Concluída,4,5.0
V00958,2025-03-22,C004,Delta Store,B2B,Sul,PR,P009,Smartphone X,Telefonia,Marketplace,Fernanda Rocha,Pix,2,2871.87,0.05,5743.74,287.19,5456.55,3913.32,1543.23,Concluída,4,5.0
V00959,2025-04-10,C002,Beta Varejo,B2B,Sudeste,MG,P008,Webcam Full HD,Acessórios,Marketplace,Carla Mendes,Transferência,8,214.18,0.05,1713.44,85.67,1627.77,779.44,848.33,Concluída,3,5.0
V00960,2025-08-18,C008,Prime Atacado,B2B,Sul,RS,P004,Monitor 24,Informática,E-commerce,Fernanda Rocha,Boleto,5,968.81,0.0,4844.05,0.0,4844.05,2855.05,1989.0,Concluída,3,4.0
V00961,2025-07-07,C006,Mercado Central,B2B,Nordeste,BA,P007,Mesa Office,Móveis,Representante,Carla Mendes,Transferência,5,714.96,0.08,3574.8,285.98,3288.82,2143.5,1145.32,Concluída,2,4.0
V00962,2025-03-08,C008,Prime Atacado,B2B,Sul,RS,P001,Notebook Pro 14,Informática,Marketplace,Ana Souza,Boleto,1,4668.47,0.08,4668.47,373.48,4294.99,3058.34,1236.65,Concluída,10,4.0
V00963,2025-06-24,C008,Prime Atacado,B2B,Sul,RS,P008,Webcam Full HD,Acessórios,Representante,Carla Mendes,Pix,1,215.02,0.1,215.02,21.5,193.52,82.86,110.66,Concluída,10,3.0
V00964,2026-02-20,C009,Shopping Mix,B2C,Nordeste,PE,P002,Mouse Wireless,Acessórios,Loja Física,Carla Mendes,Cartão Crédito,1,97.42,0.08,97.42,7.79,89.63,38.22,51.41,Pendente,5,2.0
V00965,2026-04-18,C005,E-commerce Livre,B2C,Sudeste,RJ,P009,Smartphone X,Telefonia,Marketplace,Fernanda Rocha,Transferência,10,2771.26,0.0,27712.6,0.0,27712.6,20204.3,7508.3,Concluída,2,1.0
V00966,2025-09-07,C004,Delta Store,B2B,Sul,PR,P010,Carregador USB-C,Telefonia,E-commerce,Diego Alves,Transferência,2,119.25,0.03,238.5,7.15,231.35,92.38,138.97,Concluída,3,3.0
V00967,2025-08-02,C002,Beta Varejo,B2B,Sudeste,MG,P006,Cadeira Ergonômica,Móveis,Marketplace,Diego Alves,Boleto,1,1299.7,0.08,1299.7,103.98,1195.72,942.24,253.48,Pendente,3,5.0
V00968,2025-06-27,C009,Shopping Mix,B2C,Nordeste,PE,P004,Monitor 24,Informática,Loja Física,Fernanda Rocha,Transferência,2,823.09,0.08,1646.18,131.69,1514.49,1262.08,252.41,Concluída,4,4.0
V00969,2026-04-20,C002,Beta Varejo,B2B,Sudeste,MG,P010,Carregador USB-C,Telefonia,Representante,Fernanda Rocha,Cartão Crédito,4,109.97,0.15,439.88,65.98,373.9,156.2,217.7,Concluída,4,4.0
V00970,2025-11-12,C008,Prime Atacado,B2B,Sul,RS,P003,Teclado Mecânico,Acessórios,Marketplace,Ana Souza,Cartão Crédito,2,339.34,0.08,678.68,54.29,624.39,315.8,308.59,Cancelada,7,5.0
V00971,2025-12-02,C010,Tech Mais,B2C,Sudeste,SP,P007,Mesa Office,Móveis,Marketplace,Ana Souza,Cartão Crédito,5,754.08,0.0,3770.4,0.0,3770.4,2100.65,1669.75,Concluída,3,
V00972,2025-01-01,C004,Delta Store,B2B,Sul,PR,P003,Teclado Mecânico,Acessórios,E-commerce,Bruno Lima,Transferência,2,294.9,0.03,589.8,17.69,572.11,269.78,302.33,Concluída,3,4.0
V00973,2026-02-04,C009,Shopping Mix,B2C,Nordeste,PE,P005,Headset Gamer,Acessórios,Marketplace,Bruno Lima,Pix,2,258.22,0.05,516.44,25.82,490.62,209.32,281.3,Concluída,4,5.0
V00974,2025-11-08,C006,Mercado Central,B2B,Nordeste,BA,P005,Headset Gamer,Acessórios,Marketplace,Carla Mendes,Cartão Crédito,1,216.68,0.08,216.68,17.33,199.35,105.62,93.73,Concluída,3,
V00975,2026-06-07,C010,Tech Mais,B2C,Sudeste,SP,P001,Notebook Pro 14,Informática,Marketplace,Bruno Lima,Boleto,6,4435.84,0.03,26615.04,798.45,25816.59,18549.96,7266.63,Pendente,15,3.0
V00976,2025-02-24,C001,Alfa Distribuidora,B2B,Sudeste,SP,P006,Cadeira Ergonômica,Móveis,Loja Física,Fernanda Rocha,Boleto,5,1273.58,0.0,6367.9,0.0,6367.9,4531.4,1836.5,Concluída,10,2.0
V00977,2025-02-01,C002,Beta Varejo,B2B,Sudeste,MG,P005,Headset Gamer,Acessórios,E-commerce,Diego Alves,Transferência,3,264.5,0.1,793.5,79.35,714.15,298.68,415.47,Concluída,5,3.0
V00978,2026-02-20,C006,Mercado Central,B2B,Nordeste,BA,P007,Mesa Office,Móveis,Marketplace,Diego Alves,Pix,10,858.97,0.0,8589.7,0.0,8589.7,4049.8,4539.9,Concluída,10,3.0
V00979,2025-05-23,C003,Casa Norte,B2C,Norte,AM,P008,Webcam Full HD,Acessórios,E-commerce,Fernanda Rocha,Transferência,2,209.74,0.03,419.48,12.58,406.9,167.92,238.98,Concluída,10,
V00980,2025-06-07,C006,Mercado Central,B2B,Nordeste,BA,P007,Mesa Office,Móveis,Representante,Bruno Lima,Pix,5,705.33,0.0,3526.65,0.0,3526.65,2221.0,1305.65,Concluída,10,5.0
V00981,2025-01-17,C001,Alfa Distribuidora,B2B,Sudeste,SP,P002,Mouse Wireless,Acessórios,E-commerce,Diego Alves,Transferência,1,104.5,0.1,104.5,10.45,94.05,35.49,58.56,Concluída,4,4.0
V00982,2025-05-21,C003,Casa Norte,B2C,Norte,AM,P002,Mouse Wireless,Acessórios,ecommerce,Diego Alves,Transferência,1,97.58,0.1,97.58,9.76,87.82,38.4,49.42,Concluída,5,4.0
V00983,2026-04-11,C010,Tech Mais,B2C,Sudeste,SP,P003,Teclado Mecânico,Acessórios,Marketplace,Fernanda Rocha,Transferência,6,318.6,0.0,1911.6,0.0,1911.6,830.34,1081.26,Concluida,3,5.0
V00984,2025-08-20,C007,Loja Avenida,B2C,Centro-Oeste,GO,P006,Cadeira Ergonômica,Móveis,E-commerce,Diego Alves,Cartão Crédito,1,1310.54,0.03,1310.54,39.32,1271.22,948.1,323.12,Pendente,3,4.0
V00985,2025-08-31,C010,Tech Mais,B2C,Sudeste,SP,P008,Webcam Full HD,Acessórios,Representante,Diego Alves,Boleto,1,212.56,0.03,212.56,6.38,206.18,97.39,108.79,Pendente,4,4.0
V00986,2026-05-10,C001,Alfa Distribuidora,B2B,Sudeste,SP,P001,Notebook Pro 14,Informática,Representante,Ana Souza,Transferência,6,4525.4,0.0,27152.4,0.0,27152.4,17890.26,9262.14,Concluída,3,3.0
V00987,2026-06-24,C002,Beta Varejo,B2B,Sudeste,MG,P003,Teclado Mecânico,Acessórios,Representante,Diego Alves,Cartão Crédito,1,333.29,0.0,333.29,0.0,333.29,134.77,198.52,Concluída,7,5.0
V00988,2025-04-01,C009,Shopping Mix,B2C,Nordeste,PE,P010,Carregador USB-C,Telefonia,E-commerce,Diego Alves,Cartão Crédito,3,109.07,0.15,327.21,49.08,278.13,120.48,157.65,Concluída,3,3.0
V00989,2025-11-16,C009,Shopping Mix,B2C,Nordeste,PE,P010,Carregador USB-C,Telefonia,Loja Física,Carla Mendes,Cartão Crédito,2,121.04,0.05,242.08,12.1,229.98,83.5,146.48,Pendente,2,3.0
V00990,2026-06-09,C008,Prime Atacado,B2B,Sul,RS,P008,Webcam Full HD,Acessórios,Marketplace,Fernanda Rocha,Boleto,3,217.44,0.0,652.32,0.0,652.32,267.99,384.33,Concluída,5,5.0
V00991,2025-10-29,C007,Loja Avenida,B2C,Centro-Oeste,GO,P006,Cadeira Ergonômica,Móveis,Representante,Bruno Lima,Cartão Crédito,2,1242.78,0.0,2485.56,0.0,2485.56,1641.12,844.44,Pendente,4,4.0
V00992,2025-09-24,C010,Tech Mais,B2C,Sudeste,,P005,Headset Gamer,Acessórios,Loja Física,Diego Alves,Pix,5,242.29,0.0,1211.45,0.0,1211.45,559.75,651.7,Devolvida,5,2.0
V00993,2025-10-26,C010,Tech Mais,B2C,Sudeste,SP,P001,Notebook Pro 14,Informática,Loja Física,Carla Mendes,Transferência,3,4485.28,0.0,13455.84,0.0,13455.84,8794.62,4661.22,Devolvida,2,5.0
V00994,2026-06-02,C002,Beta Varejo,B2B,Sudeste,MG,P003,Teclado Mecânico,Acessórios,Loja Física,Carla Mendes,Boleto,3,319.45,0.0,958.35,0.0,958.35,464.37,493.98,Concluída,5,5.0
V00995,2025-10-15,C003,Casa Norte,B2C,Norte,AM,P010,Carregador USB-C,Telefonia,Representante,Carla Mendes,Cartão Crédito,4,122.13,0.03,488.52,14.66,473.86,166.64,307.22,Pendente,5,4.0
V00996,2025-06-28,C002,Beta Varejo,B2B,Sudeste,MG,P010,Carregador USB-C,informatica,E-commerce,Diego Alves,Boleto,1,119.39,0.0,119.39,0.0,119.39,43.63,75.76,Concluída,3,5.0
V00997,2025-08-30,C003,Casa Norte,B2C,Norte,AM,P005,Headset Gamer,Acessórios,Marketplace,Bruno Lima,Cartão Crédito,1,237.82,0.03,237.82,7.13,230.69,104.84,125.85,Concluida,7,5.0
V00998,2025-05-29,C006,Mercado Central,B2B,Nordeste,BA,P002,Mouse Wireless,Acessórios,E-commerce,Diego Alves,Transferência,1,89.56,0.03,89.56,2.69,86.87,41.35,45.52,Cancelada,7,4.0
V00999,2026-03-27,C007,Loja Avenida,B2C,Centro-Oeste,GO,P004,Monitor 24,Informática,E-commerce,Bruno Lima,Boleto,2,893.16,0.0,1786.32,0.0,1786.32,1129.22,657.1,Pendente,3,4.0
V01000,2025-04-29,C001,Alfa Distribuidora,B2B,Sudeste,SP,P005,Headset Gamer,Acessórios,Loja Física,Bruno Lima,Transferência,1,265.03,0.03,265.03,7.95,257.08,109.21,147.87,Devolvida,4,5.0
V01001,2025-11-05,C007,Loja Avenida,B2C,Centro-Oeste,GO,P008,Webcam Full HD,Acessórios,Marketplace,Fernanda Rocha,Pix,1,197.63,0.08,197.63,15.81,181.82,95.22,86.6,Concluída,4,4.0
V01002,2026-05-01,C007,Loja Avenida,B2C,Centro-Oeste,GO,P007,Mesa Office,Móveis,Representante,Bruno Lima,Transferência,1,743.4,0.0,743.4,0.0,743.4,414.99,328.41,Cancelada,3,3.0
V01003,2026-04-05,C001,Alfa Distribuidora,B2B,Sudeste,SP,P005,Headset Gamer,Acessórios,Marketplace,Carla Mendes,Cartão Crédito,3,261.71,0.0,785.13,0.0,785.13,294.24,490.89,Concluída,7,5.0
V01004,2025-12-29,C002,Beta Varejo,B2B,Sudeste,MG,P009,Smartphone X,Telefonia,Marketplace,Fernanda Rocha,Boleto,5,3111.11,0.08,15555.55,1244.44,14311.11,10184.0,4127.11,Concluída,2,
V01005,2025-10-01,C006,Mercado Central,B2B,Nordeste,BA,P005,Headset Gamer,Acessórios,Loja Física,Carla Mendes,Transferência,2,224.04,0.05,448.08,22.4,425.68,203.94,221.74,Concluída,5,4.0
V01006,2025-07-19,C008,Prime Atacado,B2B,Sul,RS,P004,Monitor 24,Informática,Representante,Bruno Lima,Boleto,5,852.88,0.0,4264.4,0.0,4264.4,3101.2,1163.2,Concluída,7,4.0
V01007,2025-01-09,C009,Shopping Mix,B2C,Nordeste,PE,P001,Notebook Pro 14,Informática,Loja Física,Ana Souza,Transferência,4,3919.16,0.1,15676.64,1567.66,14108.98,12065.2,2043.78,Concluída,2,3.0
V01008,2025-04-17,C002,Beta Varejo,B2B,Sudeste,MG,P009,Smartphone X,Telefonia,Marketplace,Carla Mendes,Pix,3,3061.0,0.03,9183.0,275.49,8907.51,6459.03,2448.48,Concluída,4,3.0
V01009,2025-07-17,C005,E-commerce Livre,B2C,Sudeste,RJ,P005,Headset Gamer,Acessórios,Loja Física,Ana Souza,Cartão Crédito,5,229.04,0.1,1145.2,114.52,1030.68,569.05,461.63,Pendente,5,5.0
V01010,2025-08-11,C001,Alfa Distribuidora,B2B,Sudeste,SP,P010,Carregador USB-C,Telefonia,Loja Física,Ana Souza,Cartão Crédito,5,102.17,0.05,510.85,25.54,485.31,194.5,290.81,Concluída,3,3.0
V01011,2026-01-20,C010,Tech Mais,B2C,Sudeste,SP,P003,Teclado Mecânico,Acessórios,E-commerce,Ana Souza,Pix,2,318.44,0.05,636.88,31.84,605.04,270.68,334.36,Concluída,3,5.0
V01012,2026-04-24,C005,E-commerce Livre,B2C,Sudeste,RJ,P005,Headset Gamer,Acessórios,Loja Física,Diego Alves,Boleto,3,245.39,0.05,736.17,36.81,699.36,308.82,390.54,Concluida,4,4.0
V01013,2025-09-21,C007,Loja Avenida,B2C,Centro-Oeste,GO,P006,Cadeira Ergonômica,Móveis,E-commerce,Ana Souza,Boleto,4,1220.45,0.05,4881.8,244.09,4637.71,3589.08,1048.63,Concluída,2,3.0
V01014,2026-02-02,C001,Alfa Distribuidora,B2B,Sudeste,SP,P007,Mesa Office,Móveis,Representante,Ana Souza,Boleto,8,820.28,0.0,6562.24,0.0,6562.24,3385.68,3176.56,Concluída,7,2.0
V01015,2026-03-28,C005,E-commerce Livre,B2C,Sudeste,RJ,P003,Teclado Mecânico,Acessórios,Loja Física,Diego Alves,Pix,1,350.64,0.0,350.64,0.0,350.64,138.66,211.98,Pendente,5,4.0
V01016,2025-07-02,C010,Tech Mais,B2C,Sudeste,SP,P007,Mesa Office,Móveis,Marketplace,Ana Souza,Pix,1,706.84,0.0,706.84,0.0,706.84,463.83,243.01,Concluída,7,
V01017,2025-08-12,C009,Shopping Mix,B2C,Nordeste,PE,P007,Mesa Office,Móveis,Loja Física,Diego Alves,Boleto,2,734.82,0.03,1469.64,44.09,1425.55,931.78,493.77,Cancelada,2,5.0
V01018,2025-03-16,C002,Beta Varejo,B2B,Sudeste,MG,P001,Notebook Pro 14,Informática,Loja Física,Fernanda Rocha,Boleto,3,4618.5,0.0,13855.5,0.0,13855.5,9297.57,4557.93,Devolvida,4,4.0
V01019,2026-05-25,C008,Prime Atacado,B2B,Sul,RS,P001,Notebook Pro 14,Informática,E-commerce,Ana Souza,Cartão Crédito,1,4037.0,0.0,4037.0,0.0,4037.0,3324.87,712.13,Concluída,4,5.0
V01020,2025-06-05,C007,Loja Avenida,B2C,Centro-Oeste,GO,P005,Headset Gamer,Acessórios,Representante,Diego Alves,,1,241.68,0.05,241.68,12.08,229.6,112.98,116.62,Concluída,5,3.0
V01021,2026-05-05,C009,Shopping Mix,B2C,Nordeste,PE,P008,Webcam Full HD,Acessórios,Marketplace,Diego Alves,Cartão Crédito,8,195.12,0.08,1560.96,124.88,1436.08,696.72,739.36,Pendente,5,5.0
V01022,2025-01-04,C009,Shopping Mix,B2C,Nordeste,PE,P004,Monitor 24,Informática,Marketplace,Diego Alves,Cartão Crédito,1,887.75,0.05,887.75,44.39,843.36,645.74,197.62,Concluída,15,5.0
V01023,2026-01-03,C010,Tech Mais,B2C,Sudeste,SP,P009,Smartphone X,Telefonia,Representante,Carla Mendes,Transferência,2,3026.82,0.03,6053.64,181.61,5872.03,3972.38,1899.65,Concluída,5,5.0
V01024,2026-01-10,C001,Alfa Distribuidora,B2B,Sudeste,SP,P002,Mouse Wireless,Acessórios,Representante,Ana Souza,Transferência,2,98.65,0.05,197.3,9.87,187.43,79.64,107.79,Concluída,7,4.0
V01025,2025-06-30,C005,E-commerce Livre,B2C,Sudeste,RJ,P004,Monitor 24,Informática,Loja Física,Diego Alves,Pix,2,848.34,0.03,1696.68,50.9,1645.78,1317.14,328.64,Concluída,7,3.0
V01026,2025-04-20,C005,E-commerce Livre,B2C,Sudeste,RJ,P007,Mesa Office,Móveis,Representante,Diego Alves,Cartão Crédito,3,872.17,0.08,2616.51,209.32,2407.19,1235.67,1171.52,Concluída,3,4.0
V01027,2025-05-24,C008,Prime Atacado,B2B,Sul,RS,P004,Monitor 24,Informática,Loja Física,Bruno Lima,Cartão Crédito,5,952.01,0.0,4760.05,0.0,4760.05,3312.3,1447.75,Concluída,4,4.0
V01028,2026-05-16,C010,Tech Mais,B2C,Sudeste,SP,P004,Monitor 24,Informática,Marketplace,Ana Souza,Boleto,3,910.63,0.03,2731.89,81.96,2649.93,1849.92,800.01,Concluída,7,4.0
V01029,2026-04-06,C008,Prime Atacado,B2B,Sul,RS,P009,Smartphone X,Telefonia,Loja Física,Ana Souza,Boleto,1,2991.95,0.1,2991.95,299.2,2692.75,2159.22,533.53,Concluída,3,4.0
V01030,2025-02-13,C001,Alfa Distribuidora,B2B,Sudeste,SP,P006,Cadeira Ergonômica,Móveis,Marketplace,Ana Souza,Pix,1,1492.39,0.0,1492.39,0.0,1492.39,839.98,652.41,Concluída,4,5.0
V01031,2025-06-02,C009,Shopping Mix,B2C,Nordeste,PE,P008,Webcam Full HD,Acessórios,E-commerce,Ana Souza,Cartão Crédito,2,196.89,0.0,393.78,0.0,393.78,182.1,211.68,Concluída,5,5.0
V01032,2025-01-20,C003,Casa Norte,B2C,Norte,AM,P008,Webcam Full HD,Acessórios,Marketplace,Fernanda Rocha,Cartão Crédito,4,232.32,0.1,929.28,92.93,836.35,392.52,443.83,Concluída,3,4.0
V01033,2025-01-15,C004,Delta Store,B2B,Sul,PR,P003,Teclado Mecânico,Acessórios,E-commerce,Ana Souza,Boleto,6,356.43,0.08,2138.58,171.09,1967.49,817.62,1149.87,Pendente,4,1.0
V01034,2025-06-24,C002,Beta Varejo,B2B,Sudeste,MG,P008,Webcam Full HD,Acessórios,Loja Física,Ana Souza,Cartão Crédito,2,191.13,0.03,382.26,11.47,370.79,176.56,194.23,Concluída,5,5.0
V01035,2025-08-14,C008,Prime Atacado,B2B,Sul,RS,P010,Carregador USB-C,Telefonia,Loja Física,Bruno Lima,Transferência,4,109.5,0.08,438.0,35.04,402.96,181.96,221.0,Concluída,5,4.0
V01036,2025-11-29,C006,Mercado Central,B2B,Nordeste,BA,P007,Mesa Office,Móveis,Loja Física,Fernanda Rocha,Pix,1,816.72,0.08,816.72,65.34,751.38,408.21,343.17,Cancelada,7,
V01037,2025-02-16,C006,Mercado Central,B2B,Nordeste,BA,P004,Monitor 24,Informática,E-commerce,Carla Mendes,Cartão Crédito,2,977.99,0.0,1955.98,0.0,1955.98,1243.7,712.28,Concluída,2,5.0
V01038,2025-05-25,C002,Beta Varejo,B2B,Sudeste,MG,P005,Headset Gamer,Acessórios,Marketplace,Bruno Lima,Boleto,2,229.53,0.0,459.06,0.0,459.06,218.52,240.54,Concluída,7,2.0
V01039,2026-03-26,C009,Shopping Mix,B2C,Nordeste,PE,P003,Teclado Mecânico,Acessórios,E-commerce,Fernanda Rocha,Cartão Crédito,1,315.19,0.03,315.19,9.46,305.73,142.67,163.06,Concluída,15,5.0
V01040,2026-01-21,C003,Casa Norte,B2C,Norte,AM,P002,Mouse Wireless,Acessórios,E-commerce,Ana Souza,Transferência,1,94.49,0.08,94.49,7.56,86.93,37.02,49.91,Concluída,7,5.0
V01041,2025-01-08,C002,Beta Varejo,B2B,Sudeste,MG,P001,Notebook Pro 14,Informática,E-commerce,Ana Souza,Boleto,3,3829.5,0.0,11488.5,0.0,11488.5,9443.34,2045.16,Concluída,4,4.0
V01042,2025-05-10,C007,Loja Avenida,B2C,Centro-Oeste,GO,P008,Webcam Full HD,Acessórios,E-commerce,Bruno Lima,Boleto,2,232.82,0.08,465.64,37.25,428.39,189.0,239.39,Concluída,2,4.0
V01043,2026-02-26,C009,Shopping Mix,B2C,Nordeste,PE,P008,Webcam Full HD,Acessórios,E-commerce,Bruno Lima,Cartão Crédito,1,234.2,0.0,234.2,0.0,234.2,90.7,143.5,Concluída,5,3.0
V01044,2026-05-27,C010,Tech Mais,B2C,Sudeste,SP,P003,Teclado Mecânico,Acessórios,Loja Física,Carla Mendes,Boleto,2,307.34,0.1,614.68,61.47,553.21,268.92,284.29,Devolvida,7,4.0
V01045,2025-08-30,C007,Loja Avenida,B2C,Centro-Oeste,GO,P001,Notebook Pro 14,informatica,E-commerce,Ana Souza,Cartão Crédito,5,3808.84,0.15,19044.2,2856.63,16187.57,15475.5,712.07,Concluída,4,2.0
V01046,2026-06-04,C010,Tech Mais,B2C,Sudeste,SP,P006,Cadeira Ergonômica,Móveis,E-commerce,Diego Alves,Pix,10,1226.67,0.05,12266.7,613.34,11653.36,8697.3,2956.06,Pendente,3,4.0
V01047,2025-07-18,C005,E-commerce Livre,B2C,Sudeste,RJ,P001,Notebook Pro 14,Informática,Loja Física,Bruno Lima,Transferência,3,4429.45,0.0,13288.35,0.0,13288.35,8737.17,4551.18,Concluída,7,3.0
V01048,2025-06-13,C008,Prime Atacado,B2B,Sul,RS,P003,Teclado Mecânico,Acessórios,Loja Física,Ana Souza,Boleto,3,303.15,0.08,909.45,72.76,836.69,473.97,362.72,Concluída,4,4.0
V01049,2026-03-22,C005,E-commerce Livre,B2C,Sudeste,RJ,P004,Monitor 24,Informática,Representante,Carla Mendes,Transferência,1,853.57,0.05,853.57,42.68,810.89,619.79,191.1,Pendente,4,5.0
V01050,2025-02-23,C001,Alfa Distribuidora,B2B,Sudeste,SP,P002,Mouse Wireless,Acessórios,E-commerce,Bruno Lima,Cartão Crédito,3,96.21,0.0,288.63,0.0,288.63,114.21,174.42,Concluída,5,
V01051,2025-04-29,C008,Prime Atacado,B2B,Sul,RS,P009,Smartphone X,Telefonia,Loja Física,Bruno Lima,Transferência,2,2546.0,0.03,5092.0,152.76,4939.24,4031.3,907.94,Concluída,7,
V01052,2025-11-30,C010,Tech Mais,B2C,Sudeste,SP,P010,Carregador USB-C,Telefonia,Marketplace,Bruno Lima,Boleto,8,103.77,0.08,830.16,66.41,763.75,351.76,411.99,Concluída,5,5.0
V01053,2025-11-30,C004,Delta Store,B2B,Sul,PR,P002,Mouse Wireless,Acessórios,E-commerce,Ana Souza,Pix,3,93.3,0.03,279.9,8.4,271.5,116.76,154.74,Concluída,10,5.0
V01054,2026-01-20,C007,Loja Avenida,B2C,Centro-Oeste,GO,P004,Monitor 24,Informática,E-commerce,Ana Souza,Transferência,3,820.48,0.05,2461.44,123.07,2338.37,1723.44,614.93,Concluída,5,4.0
V01055,2025-02-25,C010,Tech Mais,B2C,Sudeste,SP,P008,Webcam Full HD,Acessórios,Marketplace,Bruno Lima,Pix,3,193.12,0.0,579.36,0.0,579.36,256.89,322.47,Pendente,5,5.0
V01056,2025-07-02,C010,Tech Mais,B2C,Sudeste,SP,P008,Webcam Full HD,Acessórios,Marketplace,Carla Mendes,Pix,2,193.38,0.15,386.76,58.01,328.75,174.88,153.87,Concluída,5,1.0
V01057,2026-01-03,C008,Prime Atacado,B2B,Sul,RS,P004,Monitor 24,Informática,Representante,Bruno Lima,Boleto,5,906.06,0.0,4530.3,0.0,4530.3,2839.8,1690.5,Concluída,10,5.0
V01058,2025-03-03,C003,Casa Norte,B2C,Norte,AM,P001,Notebook Pro 14,Informática,Representante,Bruno Lima,Cartão Crédito,2,3840.62,0.05,7681.24,384.06,7297.18,6240.5,1056.68,Concluída,4,3.0
V01059,2026-03-05,C008,Prime Atacado,B2B,Sul,RS,P008,Webcam Full HD,Acessórios,E-commerce,Carla Mendes,Pix,4,233.84,0.0,935.36,0.0,935.36,369.88,565.48,Concluída,4,4.0
V01060,2025-06-10,C005,E-commerce Livre,B2C,Sudeste,RJ,P010,Carregador USB-C,Telefonia,E-commerce,Fernanda Rocha,Pix,5,110.74,0.03,553.7,16.61,537.09,204.7,332.39,Concluída,2,5.0
V01061,2026-06-19,C002,Beta Varejo,B2B,Sudeste,MG,P007,Mesa Office,Móveis,Marketplace,Bruno Lima,Transferência,1,820.42,0.0,820.42,0.0,820.42,427.78,392.64,Concluída,4,3.0
V01062,2025-01-15,C008,Prime Atacado,B2B,Sul,RS,P005,Headset Gamer,Acessórios,Marketplace,Bruno Lima,Pix,2,251.05,0.05,502.1,25.11,476.99,204.02,272.97,Concluída,3,3.0
V01063,2025-08-16,C006,Mercado Central,B2B,Nordeste,BA,P007,Mesa Office,Móveis,E-commerce,Fernanda Rocha,Cartão Crédito,1,855.88,0.0,855.88,0.0,855.88,413.21,442.67,Concluída,3,5.0
V01064,2025-02-11,C007,Loja Avenida,B2C,Sudeste ,GO,P001,Notebook Pro 14,Informática,Marketplace,Fernanda Rocha,Cartão Crédito,1,3904.0,0.05,3904.0,195.2,3708.8,2992.47,716.33,Concluída,5,4.0
V01065,2026-02-08,C007,Loja Avenida,B2C,Centro-Oeste,GO,P009,Smartphone X,Telefonia,Marketplace,Ana Souza,Transferência,4,2591.62,0.03,10366.48,310.99,10055.49,7909.6,2145.89,Concluída,5,5.0
V01066,2025-03-27,C008,Prime Atacado,B2B,Sul,RS,P004,Monitor 24,Informática,Loja Física,Diego Alves,Pix,10,920.0,0.0,9200.0,0.0,9200.0,5859.3,3340.7,Concluída,4,4.0
V01067,2025-10-30,C003,Casa Norte,B2C,Norte,AM,P006,Cadeira Ergonômica,Móveis,E-commerce,Ana Souza,Cartão Crédito,8,1324.38,0.0,10595.04,0.0,10595.04,6883.68,3711.36,Cancelada,5,5.0
V01068,2025-06-15,C008,Prime Atacado,B2B,Sul,RS,P005,Headset Gamer,Acessórios,Marketplace,Fernanda Rocha,Cartão Crédito,2,259.19,0.0,518.38,0.0,518.38,226.12,292.26,Concluída,4,4.0
V01069,2025-05-22,C008,Prime Atacado,B2B,Sul,RS,P008,Webcam Full HD,Acessórios,Marketplace,Bruno Lima,Boleto,4,189.59,0.08,758.36,60.67,697.69,360.16,337.53,Concluída,3,4.0
V01070,2025-03-14,C008,Prime Atacado,B2B,Sul,RS,P001,Notebook Pro 14,Informática,Marketplace,Carla Mendes,Cartão Crédito,3,4152.97,0.05,12458.91,622.95,11835.96,9111.21,2724.75,Pendente,5,5.0
V01071,2025-10-04,C005,E-commerce Livre,B2C,Sudeste,RJ,P007,Mesa Office,Móveis,E-commerce,Ana Souza,Boleto,1,770.18,0.0,770.18,0.0,770.18,439.68,330.5,Devolvida,2,2.0
V01072,2026-01-08,C001,Alfa Distribuidora,B2B,Sudeste,SP,P009,Smartphone X,Telefonia,Loja Física,Ana Souza,Transferência,6,2651.12,0.05,15906.72,795.34,15111.38,12090.48,3020.9,Cancelada,3,3.0
V01073,2025-02-11,C006,Mercado Central,B2B,Nordeste,BA,P008,Webcam Full HD,Acessórios,Representante,Carla Mendes,Pix,3,232.72,0.0,698.16,0.0,698.16,264.3,433.86,Concluída,10,5.0
V01074,2025-07-29,C009,Shopping Mix,B2C,Nordeste,PE,P002,Mouse Wireless,Acessórios,E-commerce,Carla Mendes,Pix,10,85.97,0.0,859.7,0.0,859.7,391.3,468.4,Cancelada,3,4.0
V01075,2026-05-05,C009,Shopping Mix,B2C,Nordeste,PE,P002,Mouse Wireless,Acessórios,E-commerce,Bruno Lima,Boleto,5,86.68,0.0,433.4,0.0,433.4,192.1,241.3,Concluída,7,4.0
V01076,2026-05-31,C006,Mercado Central,B2B,Nordeste,BA,P005,Headset Gamer,Acessórios,Marketplace,Carla Mendes,Cartão Crédito,3,246.91,0.03,740.73,22.22,718.51,326.13,392.38,Concluída,2,3.0
V01077,2025-12-20,C002,Beta Varejo,B2B,Sudeste,MG,P006,Cadeira Ergonômica,Móveis,Marketplace,Diego Alves,Cartão Crédito,1,1363.56,0.08,1363.56,109.08,1254.48,910.22,344.26,Cancelada,4,4.0
V01078,2026-06-30,C008,Prime Atacado,B2B,Sul,RS,P009,Smartphone X,Telefonia,Representante,Diego Alves,Boleto,2,2638.19,0.0,5276.38,0.0,5276.38,4064.4,1211.98,Pendente,3,2.0
V01079,2026-04-14,C002,Beta Varejo,B2B,Sudeste,MG,P004,Monitor 24,Informática,Loja Física,Ana Souza,Transferência,5,850.46,0.08,4252.3,340.18,3912.12,3192.45,719.67,Pendente,4,5.0
V01080,2025-03-20,C003,Casa Norte,B2C,Norte,AM,P005,Headset Gamer,Acessórios,Loja Física,Bruno Lima,Boleto,3,249.3,0.0,747.9,0.0,747.9,300.51,447.39,Concluída,5,5.0
V01081,2026-05-24,C002,Beta Varejo,B2B,Sudeste,MG,P003,Teclado Mecânico,Acessórios,E-commerce,Bruno Lima,Cartão Crédito,4,334.73,0.0,1338.92,0.0,1338.92,608.84,730.08,Concluída,10,
V01082,2025-05-16,C005,E-commerce Livre,B2C,Sudeste,RJ,P007,Mesa Office,Móveis,Marketplace,Carla Mendes,Transferência,1,842.82,0.0,842.82,0.0,842.82,424.02,418.8,Concluída,3,5.0
V01083,2025-10-26,C008,Prime Atacado,B2B,Sul,RS,P001,Notebook Pro 14,Informática,E-commerce,Ana Souza,Cartão Crédito,1,3935.79,0.03,3935.79,118.07,3817.72,3198.2,619.52,Devolvida,5,5.0
V01084,2025-12-10,C004,Delta Store,B2B,Sul,PR,P009,Smartphone X,Telefonia,Marketplace,Fernanda Rocha,Boleto,2,2520.79,0.0,5041.58,0.0,5041.58,4024.24,1017.34,Concluída,4,5.0
V01085,2026-06-27,C006,Mercado Central,B2B,Nordeste,BA,P008,Webcam Full HD,Acessórios,ecommerce,Diego Alves,Boleto,3,192.43,0.0,577.29,0.0,577.29,289.23,288.06,Concluída,10,3.0
V01086,2025-11-10,C010,Tech Mais,B2C,Sudeste,SP,P003,Teclado Mecânico,Acessórios,E-commerce,Carla Mendes,Pix,10,302.74,0.0,3027.4,0.0,3027.4,1594.3,1433.1,Concluída,5,3.0
V01087,2025-10-23,C008,Prime Atacado,B2B,Sul,RS,P006,Cadeira Ergonômica,Móveis,Loja Física,Bruno Lima,Boleto,3,1483.5,0.0,4450.5,0.0,4450.5,2716.08,1734.42,Concluída,5,4.0
V01088,2025-06-20,C005,E-commerce Livre,B2C,Sudeste,RJ,P008,Webcam Full HD,Acessórios,E-commerce,Fernanda Rocha,Boleto,1,203.47,0.0,203.47,0.0,203.47,97.41,106.06,Concluída,3,4.0
V01089,2025-06-07,C003,Casa Norte,B2C,Norte,AM,P003,Teclado Mecânico,Acessórios,E-commerce,Bruno Lima,Cartão Crédito,2,340.41,0.15,680.82,102.12,578.7,289.66,289.04,Devolvida,5,3.0
V01090,2025-05-10,C001,Alfa Distribuidora,B2B,Sudeste,SP,P006,Cadeira Ergonômica,Móveis,Marketplace,Carla Mendes,Boleto,4,1367.49,0.05,5469.96,273.5,5196.46,3758.92,1437.54,Concluída,10,5.0
V01091,2025-02-05,C003,Casa Norte,B2C,Norte,AM,P004,Monitor 24,Informática,Representante,Carla Mendes,Pix,3,919.11,0.0,2757.33,0.0,2757.33,2007.6,749.73,Concluída,2,4.0
V01092,2025-06-16,C006,Mercado Central,B2B,Nordeste,BA,P008,Webcam Full HD,Acessórios,Representante,Ana Souza,Cartão Crédito,3,191.6,0.0,574.8,0.0,574.8,270.27,304.53,Concluída,4,4.0
V01093,2025-05-29,C007,Loja Avenida,B2C,Centro-Oeste,GO,P008,Webcam Full HD,Acessórios,Marketplace,Carla Mendes,Pix,1,220.84,0.03,220.84,6.63,214.21,86.04,128.17,Concluída,5,2.0
V01094,2026-06-04,C001,Alfa Distribuidora,B2B,Sudeste,SP,P009,Smartphone X,Telefonia,Representante,Carla Mendes,Transferência,1,2565.12,0.08,2565.12,205.21,2359.91,2089.76,270.15,Concluida,5,5.0
V01095,2025-05-31,C005,E-commerce Livre,B2C,Sudeste,RJ,P010,Carregador USB-C,Telefonia,Marketplace,Carla Mendes,Cartão Crédito,3,114.54,0.0,343.62,0.0,343.62,130.02,213.6,Concluida,4,4.0
V01096,2025-05-23,C008,Prime Atacado,B2B,Sul,RS,P001,Notebook Pro 14,Informática,Loja Física,Carla Mendes,Cartão Crédito,2,4373.95,0.05,8747.9,437.4,8310.5,6568.32,1742.18,Concluída,7,5.0
V01097,2025-08-14,C007,Loja Avenida,B2C,Centro-Oeste,GO,P010,Carregador USB-C,Telefonia,Marketplace,Carla Mendes,Cartão Crédito,6,111.77,0.03,670.62,20.12,650.5,258.06,392.44,Concluida,15,2.0
V01098,2025-07-19,C006,Mercado Central,B2B,Sudeste ,BA,P001,Notebook Pro 14,Informática,E-commerce,Carla Mendes,Pix,1,4646.3,0.03,4646.3,139.39,4506.91,3143.58,1363.33,Concluída,2,5.0
V01099,2026-04-02,C001,Alfa Distribuidora,B2B,Sudeste,SP,P002,Mouse Wireless,Acessórios,Loja Física,Fernanda Rocha,Transferência,4,92.01,0.0,368.04,0.0,368.04,162.76,205.28,Concluída,10,4.0
V01100,2025-11-22,C004,Delta Store,B2B,Sul,PR,P008,Webcam Full HD,Acessórios,Loja Física,Carla Mendes,Transferência,3,232.24,0.05,696.72,34.84,661.88,268.53,393.35,Concluída,4,4.0
V01101,2026-01-14,C003,Casa Norte,B2C,Norte,AM,P007,Mesa Office,Móveis,Marketplace,Carla Mendes,Cartão Crédito,10,830.84,0.05,8308.4,415.42,7892.98,4231.0,3661.98,Concluída,2,5.0
V01102,2025-12-26,C005,E-commerce Livre,B2C,Sudeste,RJ,P006,Cadeira Ergonômica,Móveis,Representante,Diego Alves,Cartão Crédito,5,1374.6,0.08,6873.0,549.84,6323.16,4028.15,2295.01,Concluída,3,4.0
V01103,2026-03-02,C004,Delta Store,B2B,Sul,PR,P008,Webcam Full HD,Acessórios,Marketplace,Carla Mendes,Pix,1,233.08,0.0,233.08,0.0,233.08,97.74,135.34,Concluída,15,5.0
V01104,2025-05-23,C007,Loja Avenida,B2C,Centro-Oeste,GO,P007,Mesa Office,Móveis,Loja Física,,Pix,8,702.92,0.05,5623.36,281.17,5342.19,3724.0,1618.19,Concluída,2,4.0
V01105,2026-06-22,C005,E-commerce Livre,B2C,Sudeste,RJ,P008,Webcam Full HD,Acessórios,Representante,Ana Souza,Transferência,8,214.06,0.03,1712.48,51.37,1661.11,680.72,980.39,Concluída,7,2.0
V01106,2026-02-24,C002,Beta Varejo,B2B,Sudeste,MG,P001,Notebook Pro 14,Informática,Representante,Diego Alves,Pix,3,4625.11,0.0,13875.33,0.0,13875.33,9513.69,4361.64,Concluída,5,3.0
V01107,2025-05-21,C009,Shopping Mix,B2C,Nordeste,PE,P008,Webcam Full HD,Acessórios,E-commerce,Bruno Lima,Transferência,4,202.92,0.03,811.68,24.35,787.33,370.04,417.29,Concluída,7,4.0
V01108,2026-05-18,C005,E-commerce Livre,B2C,Sudeste,RJ,P009,Smartphone X,Telefonia,Loja Física,Carla Mendes,Boleto,4,2617.5,0.05,10470.0,523.5,9946.5,7469.16,2477.34,Concluída,3,5.0
V01109,2026-04-20,C008,Prime Atacado,B2B,Sul,RS,P009,Smartphone X,Telefonia,E-commerce,Ana Souza,Cartão Crédito,2,3063.14,0.1,6126.28,612.63,5513.65,3783.22,1730.43,Concluída,2,4.0
V01110,2025-11-04,C003,Casa Norte,B2C,Norte,AM,P005,Headset Gamer,Acessórios,Marketplace,Ana Souza,Boleto,4,250.82,0.05,1003.28,50.16,953.12,407.76,545.36,Concluída,2,5.0
V01111,2026-05-19,C007,Loja Avenida,B2C,Centro-Oeste,GO,P003,Teclado Mecânico,Acessórios,E-commerce,Ana Souza,Cartão Crédito,3,337.9,0.0,1013.7,0.0,1013.7,425.61,588.09,Concluída,2,4.0
V01112,2025-03-10,C005,E-commerce Livre,B2C,Sudeste,RJ,P008,Webcam Full HD,Acessórios,Representante,Fernanda Rocha,Transferência,5,230.46,0.03,1152.3,34.57,1117.73,450.9,666.83,Concluída,7,1.0
V01113,2025-09-22,C010,Tech Mais,B2C,Sudeste,SP,P007,Mesa Office,Móveis,Marketplace,Ana Souza,Boleto,8,785.95,0.0,6287.6,0.0,6287.6,3737.04,2550.56,Concluída,5,4.0
V01114,2025-01-18,C009,Shopping Mix,B2C,Nordeste,PE,P010,Carregador USB-C,Telefonia,Representante,Bruno Lima,Cartão Crédito,1,109.38,0.05,109.38,5.47,103.91,44.14,59.77,Concluída,10,3.0
V01115,2026-04-18,C003,Casa Norte,B2C,Norte,AM,P006,Cadeira Ergonômica,Móveis,E-commerce,Carla Mendes,Pix,1,1293.25,0.0,1293.25,0.0,1293.25,819.67,473.58,Pendente,4,3.0
V01116,2026-01-05,C001,Alfa Distribuidora,B2B,Sudeste,SP,P005,Headset Gamer,Acessórios,Marketplace,Carla Mendes,Cartão Crédito,1,253.99,0.08,253.99,20.32,233.67,101.46,132.21,Concluída,3,2.0
V01117,2026-06-27,C005,E-commerce Livre,B2C,Sudeste,RJ,P005,Headset Gamer,Acessórios,Loja Física,Fernanda Rocha,Pix,1,238.78,0.0,238.78,0.0,238.78,106.35,132.43,Concluída,10,
V01118,2025-06-21,C003,Casa Norte,B2C,Norte,AM,P002,Mouse Wireless,Acessórios,Representante,Carla Mendes,Boleto,3,92.91,0.0,278.73,0.0,278.73,113.34,165.39,Concluída,4,5.0
V01119,2025-04-09,C005,E-commerce Livre,B2C,Sudeste,RJ,P006,Cadeira Ergonômica,Móveis,Representante,Bruno Lima,Cartão Crédito,8,1314.78,0.03,10518.24,315.55,10202.69,6522.32,3680.37,Concluída,4,3.0
V01120,2025-10-16,C003,Casa Norte,B2C,Norte,AM,P009,Smartphone X,Telefonia,Representante,Diego Alves,Transferência,6,2617.5,0.03,15705.0,471.15,15233.85,12224.82,3009.03,Concluída,4,5.0
V01121,2025-04-15,C006,Mercado Central,B2B,Nordeste,BA,P003,Teclado Mecânico,Acessórios,E-commerce,Bruno Lima,Pix,3,318.94,0.0,956.82,0.0,956.82,436.59,520.23,Cancelada,5,5.0
V01122,2026-06-23,C004,Delta Store,B2B,Sul,PR,P009,Smartphone X,Telefonia,Loja Física,Diego Alves,Transferência,3,2592.97,0.0,7778.91,0.0,7778.91,5789.01,1989.9,Concluída,7,4.0
V01123,2025-05-15,C002,Beta Varejo,B2B,Sudeste,MG,P002,Mouse Wireless,Acessórios,Loja Física,Diego Alves,Boleto,3,94.3,0.0,282.9,0.0,282.9,109.62,173.28,Concluída,3,2.0
V01124,2025-05-23,C005,E-commerce Livre,B2C,Sudeste,RJ,P006,Cadeira Ergonômica,Móveis,Marketplace,Fernanda Rocha,Boleto,1,1217.73,0.05,1217.73,60.89,1156.84,849.94,306.9,Pendente,3,4.0
V01125,2025-01-30,C003,Casa Norte,B2C,Norte,AM,P005,Headset Gamer,Acessórios,Loja Física,Bruno Lima,Pix,2,216.45,0.08,432.9,34.63,398.27,194.4,203.87,Pendente,10,4.0
V01126,2025-11-11,C003,Casa Norte,B2C,Norte,AM,P004,Monitor 24,Informática,E-commerce,Bruno Lima,,3,929.01,0.0,2787.03,0.0,2787.03,1896.81,890.22,Concluída,2,4.0
V01127,2025-04-25,C002,Beta Varejo,B2B,Sudeste,MG,P007,Mesa Office,Móveis,Loja Física,Ana Souza,Transferência,3,854.35,0.0,2563.05,0.0,2563.05,1377.81,1185.24,Concluída,4,4.0
V01128,2025-07-21,C007,Loja Avenida,B2C,Centro-Oeste,GO,P001,Notebook Pro 14,Informática,Loja Física,Ana Souza,Cartão Crédito,2,3919.06,0.03,7838.12,235.14,7602.98,6492.2,1110.78,Concluída,4,5.0
V01129,2025-09-17,C008,Prime Atacado,B2B,Sul,RS,P002,Mouse Wireless,Acessórios,Loja Física,Ana Souza,Boleto,4,95.75,0.0,383.0,0.0,383.0,164.04,218.96,Concluída,3,4.0
V01130,2025-05-07,C001,Alfa Distribuidora,B2B,Sudeste,SP,P002,Mouse Wireless,Acessórios,E-commerce,Fernanda Rocha,Pix,5,86.42,0.15,432.1,64.82,367.28,179.25,188.03,Cancelada,4,4.0
V01131,2025-01-30,C003,Casa Norte,B2C,Norte,AM,P006,Cadeira Ergonômica,Móveis,Loja Física,Bruno Lima,Boleto,6,1337.63,0.03,8025.78,240.77,7785.01,4848.72,2936.29,Concluída,3,5.0
V01132,2025-12-27,C010,Tech Mais,B2C,Sudeste,SP,P006,Cadeira Ergonômica,Móveis,E-commerce,Fernanda Rocha,Pix,1,1248.79,0.0,1248.79,0.0,1248.79,901.85,346.94,Concluída,3,2.0
V01133,2025-03-11,C009,Shopping Mix,B2C,Nordeste,PE,P010,Carregador USB-C,Telefonia,Loja Física,Fernanda Rocha,Cartão Crédito,8,105.31,0.08,842.48,67.4,775.08,361.36,413.72,Concluida,3,5.0
V01134,2025-07-16,C009,Shopping Mix,B2C,Nordeste,PE,P004,Monitor 24,Informática,Representante,Bruno Lima,Cartão Crédito,5,917.84,0.0,4589.2,0.0,4589.2,2950.1,1639.1,Concluída,4,5.0
V01135,2026-06-01,C002,Beta Varejo,B2B,Sudeste,MG,P004,Monitor 24,Informática,Marketplace,Carla Mendes,Pix,2,894.08,0.0,1788.16,0.0,1788.16,1263.16,525.0,Devolvida,3,4.0
V01136,2025-07-05,C008,Prime Atacado,B2B,Sul,RS,P002,Mouse Wireless,Acessórios,Representante,Diego Alves,Transferência,1,98.56,0.05,98.56,4.93,93.63,41.33,52.3,Concluída,10,2.0
V01137,2025-08-22,C004,Delta Store,B2B,Sul,PR,P009,Smartphone X,Telefonia,Marketplace,Ana Souza,Boleto,3,2555.19,0.1,7665.57,766.56,6899.01,6031.26,867.75,Concluída,7,3.0
V01138,2025-04-23,C002,Beta Varejo,B2B,Sudeste,MG,P008,Webcam Full HD,Acessórios,E-commerce,Diego Alves,Boleto,1,229.6,0.0,229.6,0.0,229.6,84.89,144.71,Concluída,5,2.0
V01139,2025-02-11,C005,E-commerce Livre,B2C,Sudeste,RJ,P009,Smartphone X,Telefonia,Loja Física,Carla Mendes,Transferência,2,2540.2,0.0,5080.4,0.0,5080.4,4281.22,799.18,Pendente,5,3.0
V01140,2025-10-18,C002,Beta Varejo,B2B,Sudeste,MG,P007,Mesa Office,Móveis,Marketplace,Fernanda Rocha,Boleto,6,790.59,0.0,4743.54,0.0,4743.54,2801.64,1941.9,Concluida,7,5.0
V01141,2026-02-22,C008,Prime Atacado,B2B,Sul,RS,P004,Monitor 24,Informática,Representante,Diego Alves,Pix,1,842.32,0.05,842.32,42.12,800.2,585.33,214.87,Concluída,7,5.0
V01142,2026-01-12,C002,Beta Varejo,B2B,Sudeste,MG,P008,Webcam Full HD,Acessórios,E-commerce,Ana Souza,Transferência,2,225.6,0.08,451.2,36.1,415.1,186.82,228.28,Concluída,3,4.0
V01143,2026-03-25,C002,Beta Varejo,B2B,Sudeste,MG,P007,Mesa Office,Móveis,Loja Física,Ana Souza,Pix,1,748.87,0.0,748.87,0.0,748.87,430.84,318.03,Devolvida,2,5.0
V01144,2025-04-15,C007,Loja Avenida,B2C,Centro-Oeste,GO,P007,Mesa Office,Móveis,E-commerce,Ana Souza,Boleto,4,718.43,0.1,2873.72,287.37,2586.35,1758.4,827.95,Concluída,7,4.0
V01145,2025-07-25,C004,Delta Store,B2B,Sul,PR,P006,Cadeira Ergonômica,Móveis,Marketplace,Ana Souza,Pix,4,1226.79,0.08,4907.16,392.57,4514.59,3482.32,1032.27,Concluída,3,5.0
V01146,2025-10-13,C007,Loja Avenida,B2C,Centro-Oeste,GO,P008,Webcam Full HD,Acessórios,Representante,Diego Alves,Boleto,5,210.86,0.05,1054.3,52.72,1001.58,450.95,550.63,Devolvida,4,5.0
V01147,2026-02-19,C008,Prime Atacado,B2B,Sul,RS,P010,Carregador USB-C,Telefonia,Marketplace,Fernanda Rocha,Boleto,5,108.93,0.0,544.65,0.0,544.65,208.55,336.1,Cancelada,3,4.0
V01148,2025-04-21,C003,Casa Norte,B2C,Norte,AM,P008,Webcam Full HD,Acessórios,Loja Física,Carla Mendes,Transferência,5,205.33,0.05,1026.65,51.33,975.32,433.9,541.42,Concluída,7,3.0
V01149,2025-05-18,C008,Prime Atacado,B2B,Sul,RS,P004,Monitor 24,Informática,Loja Física,Ana Souza,Cartão Crédito,2,968.43,0.0,1936.86,0.0,1936.86,1336.08,600.78,Pendente,3,2.0
V01150,2025-01-28,C002,Beta Varejo,B2B,Sudeste,MG,P008,Webcam Full HD,Acessórios,E-commerce,Diego Alves,Boleto,4,209.84,0.0,839.36,0.0,839.36,377.04,462.32,Concluída,7,3.0
V01151,2025-04-09,C003,Casa Norte,B2C,Norte,AM,P005,Headset Gamer,Acessórios,Loja Física,Fernanda Rocha,Transferência,1,225.28,0.15,225.28,33.79,191.49,109.7,81.79,Cancelada,4,4.0
V01152,2025-10-28,C008,Prime Atacado,B2B,Sul,RS,P004,Monitor 24,Informática,Marketplace,Diego Alves,Boleto,1,895.11,0.03,895.11,26.85,868.26,630.57,237.69,Concluída,10,3.0
V01153,2025-01-19,C009,Shopping Mix,B2C,Nordeste,PE,P006,Cadeira Ergonômica,Móveis,Loja Física,Diego Alves,Cartão Crédito,10,1219.41,0.03,12194.1,365.82,11828.28,8526.1,3302.18,Concluída,5,4.0
V01154,2025-11-19,C007,Loja Avenida,B2C,Centro-Oeste,GO,P008,Webcam Full HD,Acessórios,Marketplace,Diego Alves,Transferência,2,222.85,0.05,445.7,22.28,423.42,192.6,230.82,Concluída,5,5.0
V01155,2025-07-01,C001,Alfa Distribuidora,B2B,Sudeste,SP,P001,Notebook Pro 14,Informática,Representante,Bruno Lima,Transferência,2,4229.12,0.0,8458.24,0.0,8458.24,5767.74,2690.5,Concluída,2,5.0
V01156,2025-11-16,C007,Loja Avenida,B2C,Centro-Oeste,GO,P003,Teclado Mecânico,Acessórios,Marketplace,Diego Alves,Cartão Crédito,4,354.92,0.05,1419.68,70.98,1348.7,539.04,809.66,Devolvida,7,4.0
V01157,2026-04-27,C010,Tech Mais,B2C,Sudeste,SP,P008,Webcam Full HD,Acessórios,Marketplace,Fernanda Rocha,,3,234.09,0.03,702.27,21.07,681.2,292.41,388.79,Concluída,3,4.0
V01158,2026-02-05,C009,Shopping Mix,B2C,Nordeste,PE,P001,Notebook Pro 14,Informática,Representante,Diego Alves,Transferência,3,4534.19,0.15,13602.57,2040.39,11562.18,9058.44,2503.74,Concluída,7,5.0
V01159,2025-10-19,C010,Tech Mais,B2C,Sudeste,SP,P006,Cadeira Ergonômica,Móveis,Representante,Ana Souza,Cartão Crédito,1,1361.96,0.05,1361.96,68.1,1293.86,921.05,372.81,Concluída,4,
V01160,2025-05-12,C010,Tech Mais,B2C,Sudeste,SP,P001,Notebook Pro 14,Informática,Representante,Carla Mendes,Cartão Crédito,4,4157.21,0.0,16628.84,0.0,16628.84,12829.52,3799.32,Concluída,3,4.0
V01161,2025-04-10,C006,Mercado Central,B2B,Nordeste,BA,P007,Mesa Office,Móveis,Marketplace,Carla Mendes,Boleto,2,809.92,0.0,1619.84,0.0,1619.84,892.58,727.26,Concluída,2,3.0
V01162,2025-02-27,C007,Loja Avenida,B2C,Centro-Oeste,GO,P006,Cadeira Ergonômica,Móveis,E-commerce,Bruno Lima,Pix,8,1472.6,0.0,11780.8,0.0,11780.8,7378.32,4402.48,Concluída,15,4.0
V01163,2025-03-28,C005,E-commerce Livre,B2C,Sudeste,RJ,P010,Carregador USB-C,Telefonia,Loja Física,Carla Mendes,Cartão Crédito,4,100.54,0.0,402.16,0.0,402.16,183.72,218.44,Concluída,3,3.0
V01164,2025-01-21,C006,Mercado Central,B2B,Nordeste,BA,P003,Teclado Mecânico,Acessórios,Representante,Ana Souza,Transferência,4,333.4,0.0,1333.6,0.0,1333.6,632.88,700.72,Concluída,4,
V01165,2026-06-12,C007,Loja Avenida,B2C,Centro-Oeste,GO,P010,Carregador USB-C,Telefonia,Marketplace,Carla Mendes,Cartão Crédito,2,105.1,0.03,210.2,6.31,203.89,89.74,114.15,Concluída,10,5.0
V01166,2025-01-23,C008,Prime Atacado,B2B,Sudeste ,RS,P010,Carregador USB-C,Telefonia,Representante,Diego Alves,Transferência,1,116.23,0.0,116.23,0.0,116.23,41.68,74.55,Cancelada,15,3.0
V01167,2025-04-11,C006,Mercado Central,B2B,Nordeste,BA,P010,Carregador USB-C,Telefonia,Marketplace,Ana Souza,Pix,2,110.64,0.0,221.28,0.0,221.28,82.78,138.5,Concluída,5,4.0
V01168,2026-05-30,C006,Mercado Central,B2B,Nordeste,BA,P008,Webcam Full HD,Acessórios,Representante,Bruno Lima,Boleto,1,226.7,0.08,226.7,18.14,208.56,90.68,117.88,Concluída,5,4.0
V01169,2025-07-26,C006,Mercado Central,B2B,Nordeste,BA,P007,Mesa Office,Móveis,Marketplace,Ana Souza,Pix,1,827.36,0.0,827.36,0.0,827.36,402.94,424.42,Concluída,3,2.0
V01170,2025-02-18,C005,E-commerce Livre,B2C,Sudeste,RJ,P005,Headset Gamer,Acessórios,Representante,Fernanda Rocha,Transferência,10,231.25,0.0,2312.5,0.0,2312.5,1011.5,1301.0,Pendente,5,4.0
V01171,2025-04-05,C004,Delta Store,B2B,Sul,PR,P010,Carregador USB-C,Telefonia,Loja Física,Fernanda Rocha,Boleto,6,108.56,0.0,651.36,0.0,651.36,241.26,410.1,Concluída,4,5.0
V01172,2026-06-28,C005,E-commerce Livre,B2C,Sudeste,RJ,P002,Mouse Wireless,Acessórios,Marketplace,Diego Alves,Pix,2,97.56,0.0,195.12,0.0,195.12,72.54,122.58,Concluída,10,4.0
V01173,2025-11-06,C006,Mercado Central,B2B,Nordeste,BA,P002,Mouse Wireless,Acessórios,Representante,Diego Alves,Boleto,4,90.83,0.0,363.32,0.0,363.32,141.44,221.88,Concluída,3,3.0
V01174,2026-02-16,C004,Delta Store,B2B,Sul,PR,P007,Mesa Office,Móveis,Representante,Fernanda Rocha,Transferência,5,704.72,0.03,3523.6,105.71,3417.89,2124.85,1293.04,Concluída,5,4.0
V01175,2025-01-20,C009,Shopping Mix,B2C,Nordeste,PE,P003,Teclado Mecânico,Acessórios,E-commerce,Fernanda Rocha,Transferência,2,339.63,0.08,679.26,54.34,624.92,276.86,348.06,Concluída,10,4.0
V01176,2025-10-02,C004,Delta Store,B2B,Sul,PR,P008,Webcam Full HD,Acessórios,Marketplace,Fernanda Rocha,Cartão Crédito,3,205.61,0.0,616.83,0.0,616.83,277.05,339.78,Concluída,3,4.0
V01177,2026-01-09,C009,Shopping Mix,B2C,Nordeste,PE,P004,Monitor 24,Informática,Marketplace,Bruno Lima,Pix,5,916.61,0.0,4583.05,0.0,4583.05,3106.85,1476.2,Concluída,7,5.0
V01178,2026-03-22,C003,Casa Norte,B2C,Norte,AM,P005,Headset Gamer,Acessórios,Marketplace,,Cartão Crédito,1,253.5,0.05,253.5,12.68,240.82,97.06,143.76,Concluída,4,5.0
V01179,2025-10-01,C004,Delta Store,B2B,Sul,PR,P007,Mesa Office,Móveis,Representante,Bruno Lima,Boleto,1,803.39,0.1,803.39,80.34,723.05,457.35,265.7,Pendente,15,1.0
V01180,2026-02-20,C010,Tech Mais,B2C,Sudeste,SP,P004,Monitor 24,Informática,E-commerce,Ana Souza,Pix,3,881.83,0.08,2645.49,211.64,2433.85,1766.55,667.3,Pendente,5,5.0
V01181,2025-09-09,C004,Delta Store,B2B,Sul,PR,P001,Notebook Pro 14,Informática,Representante,Diego Alves,Transferência,1,3949.52,0.05,3949.52,197.48,3752.04,2818.07,933.97,Cancelada,2,5.0
V01182,2026-03-09,C009,Shopping Mix,B2C,Nordeste,PE,P007,Mesa Office,Móveis,Loja Física,Bruno Lima,Pix,2,806.93,0.05,1613.86,80.69,1533.17,844.22,688.95,Concluída,2,5.0
V01183,2025-01-30,C005,E-commerce Livre,B2C,Sudeste,RJ,P003,Teclado Mecânico,Acessórios,Representante,Carla Mendes,Pix,3,340.25,0.03,1020.75,30.62,990.13,433.29,556.84,Concluída,2,4.0
V01184,2025-01-21,C001,Alfa Distribuidora,B2B,Sudeste,SP,P008,Webcam Full HD,Acessórios,Loja Física,Ana Souza,Boleto,10,229.36,0.0,2293.6,0.0,2293.6,923.2,1370.4,Cancelada,4,1.0
V01185,2025-03-07,C010,Tech Mais,B2C,Sudeste,SP,P005,Headset Gamer,Acessórios,Marketplace,Carla Mendes,Cartão Crédito,1,242.95,0.15,242.95,36.44,206.51,109.7,96.81,Concluída,3,5.0
V01186,2025-08-30,C007,Loja Avenida,B2C,Centro-Oeste,GO,P003,Teclado Mecânico,Acessórios,Loja Física,Fernanda Rocha,Cartão Crédito,5,331.49,0.05,1657.45,82.87,1574.58,670.7,903.88,Cancelada,7,4.0
V01187,2026-06-22,C009,Shopping Mix,B2C,Nordeste,PE,P010,Carregador USB-C,Telefonia,Representante,Diego Alves,Cartão Crédito,4,104.2,0.0,416.8,0.0,416.8,160.64,256.16,Concluída,4,4.0
V01188,2025-05-06,C004,Delta Store,B2B,Sul,PR,P010,Carregador USB-C,Telefonia,Representante,Carla Mendes,Transferência,3,110.54,0.0,331.62,0.0,331.62,116.58,215.04,Concluída,4,4.0
V01189,2025-08-12,C004,Delta Store,B2B,Sul,PR,P007,Mesa Office,Móveis,E-commerce,Ana Souza,Pix,6,830.14,0.08,4980.84,398.47,4582.37,2603.46,1978.91,Concluída,5,3.0
V01190,2026-03-27,C004,Delta Store,B2B,Sul,PR,P005,Headset Gamer,Acessórios,Marketplace,Carla Mendes,Cartão Crédito,2,219.43,0.08,438.86,35.11,403.75,197.96,205.79,Devolvida,7,4.0
V01191,2026-01-19,C008,Prime Atacado,B2B,Sul,RS,P009,Smartphone X,Telefonia,Loja Física,Carla Mendes,Transferência,4,2901.58,0.08,11606.32,928.51,10677.81,7902.0,2775.81,Cancelada,4,
V01192,2025-10-12,C008,Prime Atacado,B2B,Sul,RS,P004,Monitor 24,Informática,E-commerce,Carla Mendes,Transferência,3,891.58,0.08,2674.74,213.98,2460.76,1954.23,506.53,Concluída,3,4.0
V01193,2025-01-22,C006,Mercado Central,B2B,Nordeste,BA,P005,Headset Gamer,Acessórios,Loja Física,Ana Souza,Pix,10,255.76,0.08,2557.6,204.61,2352.99,972.2,1380.79,Concluída,5,5.0
V01194,2026-01-29,C005,E-commerce Livre,B2C,Sudeste,RJ,P009,Smartphone X,Telefonia,Representante,Carla Mendes,Cartão Crédito,1,3045.1,0.03,3045.1,91.35,2953.75,1891.92,1061.83,Concluída,3,4.0
V01195,2026-03-30,C009,Shopping Mix,B2C,Nordeste,PE,P004,Monitor 24,Informática,Marketplace,Ana Souza,Transferência,1,832.04,0.08,832.04,66.56,765.48,575.76,189.72,Concluída,4,4.0
V01196,2025-04-03,C005,E-commerce Livre,B2C,Sudeste,RJ,P005,Headset Gamer,Acessórios,E-commerce,Carla Mendes,Pix,5,239.62,0.08,1198.1,95.85,1102.25,541.45,560.8,Concluída,3,4.0
V01197,2025-11-21,C003,Casa Norte,B2C,Norte,AM,P008,Webcam Full HD,Acessórios,Marketplace,Ana Souza,Boleto,2,223.35,0.03,446.7,13.4,433.3,178.18,255.12,Concluída,3,5.0
V01198,2026-04-28,C002,Beta Varejo,B2B,Sudeste,MG,P008,Webcam Full HD,Acessórios,Marketplace,Carla Mendes,Transferência,2,212.79,0.0,425.58,0.0,425.58,187.08,238.5,Cancelada,3,4.0
V01199,2025-09-25,C002,Beta Varejo,B2B,Sudeste,MG,P003,Teclado Mecânico,Acessórios,Loja Física,Carla Mendes,Transferência,10,311.46,0.03,3114.6,93.44,3021.16,1357.5,1663.66,Concluída,2,
V01200,2025-12-01,C010,Tech Mais,B2C,Sudeste,SP,P009,Smartphone X,Telefonia,Marketplace,Ana Souza,Cartão Crédito,4,3005.51,0.05,12022.04,601.1,11420.94,8127.12,3293.82,Concluída,7,
V01201,2025-05-20,C003,Casa Norte,B2C,Norte,AM,P008,Webcam Full HD,Acessórios,Loja Física,Diego Alves,Pix,3,232.04,0.03,696.12,20.88,675.24,274.56,400.68,Concluída,3,1.0
V01202,2025-03-26,C005,E-commerce Livre,B2C,Sudeste,RJ,P006,Cadeira Ergonômica,Móveis,Loja Física,Bruno Lima,Pix,2,1366.39,0.0,2732.78,0.0,2732.78,1741.26,991.52,Pendente,4,4.0
V01203,2026-02-25,C009,Shopping Mix,B2C,Nordeste,PE,P003,Teclado Mecânico,Acessórios,Representante,Diego Alves,Transferência,1,291.38,0.08,291.38,23.31,268.07,148.29,119.78,Concluida,3,5.0
V01204,2025-06-27,C003,Casa Norte,B2C,Norte,AM,P005,Headset Gamer,Acessórios,Representante,Carla Mendes,Pix,2,228.04,0.0,456.08,0.0,456.08,198.12,257.96,Concluída,2,
V01205,2026-01-12,C002,Beta Varejo,B2B,Sudeste,MG,P007,Mesa Office,Móveis,E-commerce,Diego Alves,Transferência,2,724.36,0.0,1448.72,0.0,1448.72,882.18,566.54,Concluída,7,
V01206,2025-01-22,C010,Tech Mais,B2C,Sudeste,SP,P004,Monitor 24,Informática,Loja Física,Fernanda Rocha,Pix,2,889.13,0.0,1778.26,0.0,1778.26,1263.1,515.16,Concluída,3,3.0
V01207,2025-07-23,C002,Beta Varejo,B2B,Sudeste,MG,P008,Webcam Full HD,Acessórios,Representante,Bruno Lima,Cartão Crédito,4,208.23,0.0,832.92,0.0,832.92,375.84,457.08,Concluída,7,3.0
V01208,2026-03-16,C007,Loja Avenida,B2C,Centro-Oeste,GO,P010,Carregador USB-C,Telefonia,Representante,Bruno Lima,Cartão Crédito,5,115.3,0.0,576.5,0.0,576.5,219.45,357.05,Concluída,10,3.0
V01209,2025-05-01,C006,Mercado Central,B2B,Nordeste,BA,P003,Teclado Mecânico,Acessórios,Loja Física,Fernanda Rocha,Transferência,4,314.89,0.1,1259.56,125.96,1133.6,568.04,565.56,Pendente,10,4.0
V01210,2025-05-02,C008,Prime Atacado,B2B,Sul,RS,P008,Webcam Full HD,Acessórios,E-commerce,Bruno Lima,Pix,5,235.0,0.0,1175.0,0.0,1175.0,449.4,725.6,Concluída,3,1.0
V01211,2026-05-22,C005,E-commerce Livre,B2C,Sudeste,RJ,P005,Headset Gamer,Acessórios,Marketplace,Bruno Lima,Transferência,1,230.89,0.0,230.89,0.0,230.89,99.83,131.06,Devolvida,5,2.0
V01212,2025-08-09,C004,Delta Store,B2B,Sul,PR,P010,Carregador USB-C,Telefonia,Representante,Bruno Lima,Transferência,4,114.82,0.1,459.28,45.93,413.35,154.64,258.71,Concluída,10,
V01213,2025-05-30,C003,Casa Norte,B2C,Norte,AM,P007,Mesa Office,Móveis,Loja Física,Carla Mendes,Boleto,4,833.4,0.0,3333.6,0.0,3333.6,1741.48,1592.12,Concluída,3,5.0
V01214,2026-04-07,C004,Delta Store,B2B,Sul,PR,P010,Carregador USB-C,Telefonia,E-commerce,Carla Mendes,Transferência,1,110.34,0.1,110.34,11.03,99.31,40.04,59.27,Pendente,15,5.0
V01215,2026-04-26,C002,Beta Varejo,B2B,Sudeste,MG,P001,Notebook Pro 14,Informática,E-commerce,,Transferência,1,4072.08,0.0,4072.08,0.0,4072.08,2975.82,1096.26,Concluída,15,3.0
V01216,2026-03-10,C004,Delta Store,B2B,Sul,PR,P007,Mesa Office,Móveis,Representante,Ana Souza,Cartão Crédito,4,702.07,0.03,2808.28,84.25,2724.03,1865.96,858.07,Concluída,3,5.0
V01217,2025-02-23,C009,Shopping Mix,B2C,Nordeste,PE,P001,Notebook Pro 14,Informática,Representante,Bruno Lima,Transferência,4,4415.74,0.0,17662.96,0.0,17662.96,11777.84,5885.12,Pendente,10,4.0
V01218,2025-02-16,C006,Mercado Central,B2B,Nordeste,BA,P010,Carregador USB-C,Telefonia,Loja Física,Carla Mendes,Transferência,5,109.95,0.0,549.75,0.0,549.75,199.15,350.6,Concluída,5,1.0
V01219,2026-01-15,C005,E-commerce Livre,B2C,Sudeste,RJ,P007,Mesa Office,Móveis,E-commerce,Fernanda Rocha,Cartão Crédito,2,836.08,0.05,1672.16,83.61,1588.55,889.52,699.03,Devolvida,2,5.0
V01220,2025-09-24,C010,Tech Mais,B2C,Sudeste,SP,P003,Teclado Mecânico,Acessórios,E-commerce,Fernanda Rocha,Transferência,5,326.11,0.0,1630.55,0.0,1630.55,684.8,945.75,Devolvida,4,5.0
V01221,2025-05-16,C006,Mercado Central,B2B,Nordeste,BA,P008,Webcam Full HD,Acessórios,Loja Física,Carla Mendes,Transferência,3,220.15,0.08,660.45,52.84,607.61,280.44,327.17,Concluída,4,5.0
V01222,2025-04-30,C003,Casa Norte,B2C,Norte,AM,P005,Headset Gamer,Acessórios,Representante,Ana Souza,Pix,2,236.49,0.0,472.98,0.0,472.98,227.78,245.2,Concluída,5,4.0
V01223,2026-01-05,C008,Prime Atacado,B2B,Sul,RS,P005,Headset Gamer,Acessórios,Marketplace,Carla Mendes,,2,251.88,0.0,503.76,0.0,503.76,215.64,288.12,Concluida,7,3.0
V01224,2026-06-14,C010,Tech Mais,B2C,Sudeste,SP,P005,Headset Gamer,Acessórios,Representante,Diego Alves,Pix,6,250.64,0.1,1503.84,150.38,1353.46,634.62,718.84,Concluída,10,5.0
V01225,2025-06-04,C006,Mercado Central,B2B,Nordeste,BA,P008,Webcam Full HD,Acessórios,Marketplace,Ana Souza,Pix,2,201.68,0.0,403.36,0.0,403.36,178.16,225.2,Concluída,3,5.0
V01226,2025-08-24,C003,Casa Norte,B2C,Norte,AM,P001,Notebook Pro 14,Informática,E-commerce,Ana Souza,Transferência,1,4406.11,0.0,4406.11,0.0,4406.11,2995.13,1410.98,Concluída,3,5.0
V01227,2026-04-24,C005,E-commerce Livre,B2C,Sudeste,RJ,P003,Teclado Mecânico,Acessórios,Marketplace,Ana Souza,Transferência,6,303.6,0.03,1821.6,54.65,1766.95,874.08,892.87,Devolvida,7,4.0
V01228,2026-01-01,C001,Alfa Distribuidora,B2B,Sudeste,SP,P008,Webcam Full HD,Acessórios,Marketplace,Diego Alves,Transferência,4,228.15,0.0,912.6,0.0,912.6,357.32,555.28,Devolvida,7,4.0
V01229,2025-05-07,C002,Beta Varejo,B2B,Sudeste,MG,P003,Teclado Mecânico,Acessórios,Representante,Ana Souza,Pix,3,312.48,0.03,937.44,28.12,909.32,451.53,457.79,Concluída,5,5.0
V01230,2025-06-22,C005,E-commerce Livre,B2C,Sudeste,RJ,P003,Teclado Mecânico,Acessórios,Representante,Fernanda Rocha,Pix,1,319.79,0.0,319.79,0.0,319.79,151.34,168.45,Concluída,5,5.0
V01231,2026-06-23,C010,Tech Mais,B2C,Sudeste,SP,P001,Notebook Pro 14,Informática,E-commerce,Diego Alves,Cartão Crédito,2,4621.78,0.15,9243.56,1386.53,7857.03,5728.48,2128.55,Concluída,10,
V01232,2025-04-07,C004,Delta Store,B2B,Sul,PR,P008,Webcam Full HD,Acessórios,Representante,Ana Souza,Boleto,1,189.69,0.0,189.69,0.0,189.69,98.94,90.75,Concluída,4,5.0
V01233,2026-01-18,C002,Beta Varejo,B2B,Sudeste,MG,P007,Mesa Office,Móveis,Loja Física,Carla Mendes,Pix,1,805.73,0.0,805.73,0.0,805.73,462.34,343.39,Concluída,5,5.0
V01234,2026-04-17,C001,Alfa Distribuidora,B2B,Sudeste,SP,P002,Mouse Wireless,Acessórios,Marketplace,Diego Alves,Boleto,1,86.23,0.0,86.23,0.0,86.23,36.94,49.29,Cancelada,7,4.0
V01235,2025-12-04,C010,Tech Mais,B2C,Sudeste,SP,P001,Notebook Pro 14,Informática,Loja Física,Fernanda Rocha,Transferência,3,4338.34,0.08,13015.02,1041.2,11973.82,9117.99,2855.83,Concluída,3,4.0
V01236,2025-05-13,C006,Mercado Central,B2B,Nordeste,BA,P010,Carregador USB-C,Telefonia,E-commerce,Ana Souza,Boleto,2,109.65,0.0,219.3,0.0,219.3,88.14,131.16,Concluída,3,4.0
V01237,2025-03-14,C006,Mercado Central,B2B,Nordeste,BA,P001,Notebook Pro 14,Informática,Marketplace,Ana Souza,Transferência,1,4319.49,0.0,4319.49,0.0,4319.49,3052.45,1267.04,Concluída,3,3.0
V01238,2025-09-03,C005,E-commerce Livre,B2C,Sudeste,RJ,P003,Teclado Mecânico,Acessórios,Marketplace,Ana Souza,Cartão Crédito,6,318.53,0.0,1911.18,0.0,1911.18,805.98,1105.2,Concluída,5,5.0
V01239,2026-02-02,C004,Delta Store,B2B,Sul,PR,P003,Teclado Mecânico,Acessórios,Marketplace,Carla Mendes,Pix,4,300.49,0.0,1201.96,0.0,1201.96,618.24,583.72,Pendente,3,4.0
V01240,2026-05-18,C002,Beta Varejo,B2B,Sudeste,MG,P005,Headset Gamer,Acessórios,Marketplace,Carla Mendes,Pix,1,219.17,0.0,219.17,0.0,219.17,99.32,119.85,Concluída,5,3.0
V01241,2026-01-12,C006,Mercado Central,B2B,Nordeste,BA,P002,Mouse Wireless,Acessórios,E-commerce,Diego Alves,Transferência,1,102.39,0.0,102.39,0.0,102.39,39.11,63.28,Concluída,5,4.0
V01242,2025-10-02,C007,Loja Avenida,B2C,Centro-Oeste,GO,P008,Webcam Full HD,Acessórios,Marketplace,Ana Souza,Transferência,1,199.3,0.0,199.3,0.0,199.3,89.73,109.57,Concluída,3,1.0
V01243,2025-07-10,C006,Mercado Central,B2B,Nordeste,BA,P010,Carregador USB-C,Telefonia,Marketplace,Diego Alves,Cartão Crédito,3,113.66,0.15,340.98,51.15,289.83,129.3,160.53,Concluída,5,
V01244,2025-12-16,C001,Alfa Distribuidora,B2B,Sudeste,SP,P009,Smartphone X,Telefonia,Marketplace,Bruno Lima,Pix,5,2718.95,0.0,13594.75,0.0,13594.75,9576.0,4018.75,Concluída,7,4.0
V01245,2026-06-22,C008,Prime Atacado,B2B,Sul,RS,P009,Smartphone X,Telefonia,Loja Física,Carla Mendes,Transferência,1,2965.73,0.08,2965.73,237.26,2728.47,1924.78,803.69,Concluída,4,5.0
V01246,2026-05-05,C007,Loja Avenida,B2C,Centro-Oeste,GO,P002,Mouse Wireless,Acessórios,Representante,Bruno Lima,Pix,5,96.48,0.05,482.4,24.12,458.28,205.0,253.28,Concluída,4,5.0
V01247,2026-06-20,C005,E-commerce Livre,B2C,Sudeste,RJ,P004,Monitor 24,Informática,Marketplace,Carla Mendes,Cartão Crédito,1,877.07,0.08,877.07,70.17,806.9,640.74,166.16,Concluída,3,4.0
V01248,2025-02-16,C009,Shopping Mix,B2C,Nordeste,PE,P002,Mouse Wireless,Acessórios,Loja Física,Fernanda Rocha,Transferência,2,89.18,0.05,178.36,8.92,169.44,73.36,96.08,Concluída,4,
V01249,2026-04-21,C007,Loja Avenida,B2C,Centro-Oeste,,P002,Mouse Wireless,Acessórios,Representante,Carla Mendes,Boleto,2,87.17,0.0,174.34,0.0,174.34,78.0,96.34,Concluída,4,4.0
V01250,2026-05-31,C010,Tech Mais,B2C,Sudeste,SP,P002,Mouse Wireless,Acessórios,Loja Física,Ana Souza,Transferência,1,96.3,0.03,96.3,2.89,93.41,35.98,57.43,Concluída,3,3.0
V01251,2026-02-07,C003,Casa Norte,B2C,Norte,AM,P003,Teclado Mecânico,Acessórios,Loja Física,Ana Souza,Transferência,3,301.83,0.0,905.49,0.0,905.49,413.79,491.7,Pendente,7,4.0
V01252,2026-04-11,C005,E-commerce Livre,B2C,Sudeste,RJ,P006,Cadeira Ergonômica,Móveis,Marketplace,Fernanda Rocha,Boleto,2,1277.34,0.03,2554.68,76.64,2478.04,1606.94,871.1,Concluída,5,5.0
V01253,2025-08-05,C006,Mercado Central,B2B,Nordeste,BA,P003,Teclado Mecânico,Acessórios,E-commerce,Ana Souza,Boleto,1,344.61,0.08,344.61,27.57,317.04,136.72,180.32,Concluída,3,4.0
V01254,2025-01-19,C002,Beta Varejo,B2B,Sudeste,MG,P007,Mesa Office,Móveis,Loja Física,Diego Alves,Cartão Crédito,2,797.45,0.0,1594.9,0.0,1594.9,937.9,657.0,Concluída,15,4.0
V01255,2026-05-04,C001,Alfa Distribuidora,B2B,Sudeste,SP,P003,Teclado Mecânico,Acessórios,Marketplace,Diego Alves,Transferência,5,311.86,0.0,1559.3,0.0,1559.3,778.95,780.35,Concluída,5,5.0
V01256,2026-01-05,C005,E-commerce Livre,B2C,Sudeste,RJ,P010,Carregador USB-C,Telefonia,Marketplace,Carla Mendes,Cartão Crédito,3,111.0,0.05,333.0,16.65,316.35,117.9,198.45,Concluída,10,2.0
V01257,2025-01-15,C003,Casa Norte,B2C,Norte,AM,P003,Teclado Mecânico,Acessórios,E-commerce,Ana Souza,Cartão Crédito,1,338.45,0.0,338.45,0.0,338.45,143.93,194.52,Concluída,4,3.0
V01258,2025-08-03,C004,Delta Store,B2B,Sul,PR,P001,Notebook Pro 14,Informática,Marketplace,Bruno Lima,Pix,3,4485.58,0.0,13456.74,0.0,13456.74,9209.85,4246.89,Pendente,5,5.0
V01259,2025-07-15,C007,Loja Avenida,B2C,Centro-Oeste,GO,P009,Smartphone X,Telefonia,Loja Física,Carla Mendes,Transferência,2,2993.0,0.0,5986.0,0.0,5986.0,3730.82,2255.18,Concluída,4,5.0
V01260,2026-03-09,C003,Casa Norte,B2C,Norte,AM,P008,Webcam Full HD,Acessórios,Loja Física,Ana Souza,Pix,2,219.24,0.05,438.48,21.92,416.56,184.6,231.96,Concluída,5,4.0
V01261,2026-05-12,C003,Casa Norte,B2C,Norte,AM,P008,Webcam Full HD,Acessórios,Marketplace,Ana Souza,Transferência,1,234.87,0.0,234.87,0.0,234.87,83.97,150.9,Devolvida,4,5.0
V01262,2025-07-26,C010,Tech Mais,B2C,Sudeste,SP,P004,Monitor 24,Informática,Representante,Fernanda Rocha,Transferência,2,877.65,0.0,1755.3,0.0,1755.3,1197.74,557.56,Concluída,7,4.0
V01263,2025-01-09,C001,Alfa Distribuidora,B2B,Sudeste,SP,P006,Cadeira Ergonômica,Móveis,Loja Física,Diego Alves,Transferência,8,1227.44,0.03,9819.52,294.59,9524.93,7135.12,2389.81,Pendente,2,5.0
V01264,2025-10-25,C008,Prime Atacado,B2B,Sul,RS,P010,Carregador USB-C,Telefonia,Loja Física,Diego Alves,Transferência,6,104.85,0.08,629.1,50.33,578.77,232.68,346.09,Concluida,10,5.0
V01265,2026-05-15,C008,Prime Atacado,B2B,Sul,RS,P009,Smartphone X,Telefonia,E-commerce,Ana Souza,Cartão Crédito,2,2547.65,0.1,5095.3,509.53,4585.77,3978.42,607.35,Concluída,5,4.0
V01266,2025-11-20,C007,Loja Avenida,B2C,Centro-Oeste,GO,P010,Carregador USB-C,Telefonia,Loja Física,Carla Mendes,Transferência,1,104.19,0.0,104.19,0.0,104.19,42.98,61.21,Concluída,4,5.0
V01267,2026-05-22,C008,Prime Atacado,B2B,Sul,RS,P002,Mouse Wireless,Acessórios,Representante,Diego Alves,Transferência,6,98.37,0.0,590.22,0.0,590.22,238.32,351.9,Concluída,5,5.0
V01268,2025-10-22,C001,Alfa Distribuidora,B2B,Sudeste,SP,P003,Teclado Mecânico,Acessórios,E-commerce,Diego Alves,Boleto,2,352.56,0.0,705.12,0.0,705.12,301.86,403.26,Concluída,10,3.0
V01269,2026-06-04,C008,Prime Atacado,B2B,Sul,RS,P004,Monitor 24,Informática,E-commerce,Fernanda Rocha,Boleto,1,866.2,0.0,866.2,0.0,866.2,584.73,281.47,Concluída,4,2.0
V01270,2025-05-15,C010,Tech Mais,B2C,Sudeste,SP,P008,Webcam Full HD,Acessórios,Representante,Diego Alves,Transferência,2,226.44,0.05,452.88,22.64,430.24,189.08,241.16,Concluída,4,3.0
V01271,2025-06-15,C006,Mercado Central,B2B,Nordeste,BA,P008,Webcam Full HD,Acessórios,E-commerce,Carla Mendes,Cartão Crédito,2,227.43,0.15,454.86,68.23,386.63,181.6,205.03,Concluída,3,4.0
V01272,2025-06-27,C008,Prime Atacado,B2B,Sul,RS,P003,Teclado Mecânico,Acessórios,E-commerce,Bruno Lima,Transferência,3,293.29,0.1,879.87,87.99,791.88,428.79,363.09,Devolvida,7,5.0
V01273,2026-05-21,C002,Beta Varejo,B2B,Sudeste,MG,P007,Mesa Office,Móveis,Representante,Bruno Lima,Pix,3,809.56,0.05,2428.68,121.43,2307.25,1332.78,974.47,Concluída,15,5.0
V01274,2025-01-19,C009,Shopping Mix,B2C,Nordeste,PE,P001,Notebook Pro 14,Informática,Representante,Carla Mendes,Boleto,5,4586.16,0.0,22930.8,0.0,22930.8,14260.05,8670.75,Concluída,4,5.0
V01275,2026-05-31,C003,Casa Norte,B2C,Norte,AM,P003,Teclado Mecânico,Acessórios,Loja Física,Ana Souza,Boleto,2,328.19,0.03,656.38,19.69,636.69,268.8,367.89,Concluída,7,3.0
V01276,2025-08-21,C007,Loja Avenida,B2C,Centro-Oeste,GO,P002,Mouse Wireless,Acessórios,Loja Física,Fernanda Rocha,Pix,3,97.91,0.0,293.73,0.0,293.73,107.4,186.33,Pendente,4,3.0
V01277,2025-12-15,C008,Prime Atacado,B2B,Sul,RS,P005,Headset Gamer,Acessórios,ecommerce,Ana Souza,Boleto,1,251.25,0.05,251.25,12.56,238.69,108.76,129.93,Concluída,10,4.0
V01278,2025-04-17,C003,Casa Norte,B2C,Norte,AM,P009,Smartphone X,Telefonia,Loja Física,Diego Alves,Transferência,2,2804.81,0.0,5609.62,0.0,5609.62,4258.76,1350.86,Pendente,4,5.0
V01279,2025-04-15,C002,Beta Varejo,B2B,Sudeste,MG,P002,Mouse Wireless,Acessórios,Loja Física,Fernanda Rocha,Cartão Crédito,5,104.95,0.0,524.75,0.0,524.75,194.55,330.2,Concluída,7,1.0
V01280,2025-07-30,C003,Casa Norte,B2C,Norte,AM,P002,Mouse Wireless,Acessórios,Representante,Bruno Lima,Boleto,3,92.59,0.0,277.77,0.0,277.77,118.11,159.66,Cancelada,5,5.0
V01281,2026-05-26,C008,Prime Atacado,B2B,Sul,RS,P009,Smartphone X,Telefonia,Loja Física,Bruno Lima,Boleto,2,2840.01,0.03,5680.02,170.4,5509.62,3651.5,1858.12,Concluída,5,5.0
V01282,2025-05-06,C006,Mercado Central,B2B,Nordeste,BA,P003,Teclado Mecânico,Acessórios,E-commerce,Diego Alves,Transferência,4,328.22,0.0,1312.88,0.0,1312.88,545.76,767.12,Concluída,3,2.0
V01283,2026-05-01,C001,Alfa Distribuidora,B2B,Sudeste,SP,P004,Monitor 24,Informática,Representante,Carla Mendes,Pix,2,909.54,0.0,1819.08,0.0,1819.08,1280.6,538.48,Concluída,4,5.0
V01284,2026-01-17,C002,Beta Varejo,B2B,Sudeste,MG,P005,Headset Gamer,Acessórios,Marketplace,Carla Mendes,Pix,4,249.66,0.03,998.64,29.96,968.68,387.28,581.4,Concluída,4,
V01285,2026-03-08,C003,Casa Norte,B2C,Norte,AM,P009,Smartphone X,Telefonia,E-commerce,Bruno Lima,Transferência,5,2882.02,0.0,14410.1,0.0,14410.1,9471.0,4939.1,Concluída,4,4.0
V01286,2026-04-15,C007,Loja Avenida,B2C,Centro-Oeste,GO,P007,Mesa Office,Móveis,Representante,Ana Souza,Transferência,3,730.38,0.15,2191.14,328.67,1862.47,1211.85,650.62,Pendente,10,4.0
V01287,2026-06-14,C003,Casa Norte,B2C,Norte,AM,P001,Notebook Pro 14,Informática,Loja Física,Ana Souza,Boleto,4,4182.91,0.05,16731.64,836.58,15895.06,11971.92,3923.14,Concluída,5,4.0
V01288,2025-06-18,C006,Mercado Central,B2B,Nordeste,BA,P007,Mesa Office,Móveis,Marketplace,Ana Souza,Transferência,3,751.19,0.0,2253.57,0.0,2253.57,1206.27,1047.3,Concluída,3,2.0
V01289,2025-03-01,C001,Alfa Distribuidora,B2B,Sudeste,SP,P003,Teclado Mecânico,Acessórios,Representante,Diego Alves,Transferência,1,345.23,0.0,345.23,0.0,345.23,150.6,194.63,Concluída,7,4.0
V01290,2025-11-18,C009,Shopping Mix,B2C,Nordeste,PE,P005,Headset Gamer,Acessórios,Representante,Ana Souza,Boleto,2,243.33,0.0,486.66,0.0,486.66,214.54,272.12,Concluída,15,4.0
V01291,2025-05-31,C009,Shopping Mix,B2C,Nordeste,PE,P010,Carregador USB-C,Telefonia,Marketplace,Diego Alves,Pix,2,116.19,,232.38,0.0,232.38,89.88,142.5,Concluída,5,3.0
V01292,2026-03-29,C009,Shopping Mix,B2C,Nordeste,PE,P010,Carregador USB-C,Telefonia,Representante,Diego Alves,Pix,5,116.8,0.0,584.0,0.0,584.0,198.7,385.3,Concluída,15,4.0
V01293,2025-02-07,C005,E-commerce Livre,B2C,Sudeste,RJ,P002,Mouse Wireless,Acessórios,Representante,Diego Alves,Pix,2,86.13,0.0,172.26,0.0,172.26,77.74,94.52,Pendente,4,5.0
V01294,2025-10-18,C009,Shopping Mix,B2C,Nordeste,PE,P009,Smartphone X,Telefonia,E-commerce,Ana Souza,Boleto,3,2545.12,0.0,7635.36,0.0,7635.36,6080.19,1555.17,Pendente,7,3.0
V01295,2025-06-13,C009,Shopping Mix,B2C,Nordeste,PE,P006,Cadeira Ergonômica,Móveis,Loja Física,Ana Souza,Boleto,1,1274.75,0.1,1274.75,127.48,1147.27,933.93,213.34,Concluida,4,4.0
V01296,2026-03-09,C004,Delta Store,B2B,Sul,PR,P005,Headset Gamer,Acessórios,Loja Física,Ana Souza,Boleto,3,229.38,0.03,688.14,20.64,667.5,291.54,375.96,Concluída,10,5.0
V01297,2025-12-29,C005,E-commerce Livre,B2C,Sudeste,RJ,P009,Smartphone X,Telefonia,Loja Física,Ana Souza,Cartão Crédito,2,2838.56,0.0,5677.12,0.0,5677.12,4171.22,1505.9,Cancelada,7,5.0
V01298,2025-01-06,C008,Prime Atacado,B2B,Sul,RS,P005,Headset Gamer,Acessórios,Marketplace,Carla Mendes,Pix,1,233.84,0.03,233.84,7.02,226.82,102.85,123.97,Concluida,4,3.0
V01299,2025-08-28,C010,Tech Mais,B2C,Sudeste,SP,P010,Carregador USB-C,Telefonia,Representante,Carla Mendes,Boleto,2,122.71,0.0,245.42,0.0,245.42,86.54,158.88,Concluída,2,4.0
V01300,2026-01-22,C010,Tech Mais,B2C,Sudeste,SP,P003,Teclado Mecânico,Acessórios,E-commerce,Ana Souza,Boleto,4,324.13,0.08,1296.52,103.72,1192.8,563.76,629.04,Concluída,10,4.0
V01301,2025-07-17,C009,Shopping Mix,B2C,Nordeste,PE,P010,Carregador USB-C,Telefonia,Representante,Diego Alves,Cartão Crédito,3,118.17,0.0,354.51,0.0,354.51,132.15,222.36,Concluída,3,3.0
V01302,2026-02-26,C003,Casa Norte,B2C,Norte,AM,P007,Mesa Office,Móveis,Loja Física,Ana Souza,Cartão Crédito,5,740.21,0.05,3701.05,185.05,3516.0,2343.05,1172.95,Concluída,5,4.0
V01303,2026-05-03,C007,Loja Avenida,B2C,Centro-Oeste,GO,P003,Teclado Mecânico,Acessórios,E-commerce,Diego Alves,Cartão Crédito,2,321.49,0.05,642.98,32.15,610.83,318.26,292.57,Pendente,7,5.0
V01304,2026-02-17,C006,Mercado Central,B2B,Nordeste,BA,P009,Smartphone X,Telefonia,Marketplace,Carla Mendes,Transferência,3,2924.99,0.1,8774.97,877.5,7897.47,5884.95,2012.52,Pendente,4,5.0
V01305,2026-05-17,C007,Loja Avenida,B2C,Centro-Oeste,GO,P008,Webcam Full HD,Acessórios,Marketplace,Bruno Lima,,4,232.92,0.0,931.68,0.0,931.68,379.56,552.12,Concluída,3,5.0
V01306,2026-05-12,C009,Shopping Mix,B2C,Sudeste ,PE,P003,Teclado Mecânico,Acessórios,Marketplace,Bruno Lima,Cartão Crédito,3,334.53,0.0,1003.59,0.0,1003.59,437.88,565.71,Concluída,4,3.0
V01307,2026-04-30,C004,Delta Store,B2B,Sul,PR,P008,Webcam Full HD,Acessórios,Loja Física,Bruno Lima,Boleto,10,212.63,0.05,2126.3,106.32,2019.98,894.6,1125.38,Concluída,4,4.0
V01308,2026-02-23,C002,Beta Varejo,B2B,Sudeste,MG,P010,Carregador USB-C,Telefonia,Loja Física,Ana Souza,Boleto,3,112.15,0.03,336.45,10.09,326.36,118.98,207.38,Concluída,3,3.0
V01309,2025-02-11,C010,Tech Mais,B2C,Sudeste,SP,P005,Headset Gamer,Acessórios,E-commerce,Ana Souza,Boleto,8,247.94,0.05,1983.52,99.18,1884.34,833.52,1050.82,Devolvida,5,5.0
V01310,2025-11-07,C005,E-commerce Livre,B2C,Sudeste,RJ,P006,Cadeira Ergonômica,Móveis,Representante,Diego Alves,Cartão Crédito,2,1500.12,0.08,3000.24,240.02,2760.22,1868.26,891.96,Concluída,3,4.0
V01311,2026-03-08,C003,Casa Norte,B2C,Norte,AM,P003,Teclado Mecânico,Acessórios,Loja Física,Carla Mendes,Boleto,2,348.22,0.0,696.44,0.0,696.44,270.78,425.66,Concluída,3,4.0
V01312,2026-05-16,C004,Delta Store,B2B,Sul,PR,P003,Teclado Mecânico,Acessórios,Loja Física,Ana Souza,Boleto,5,327.64,0.0,1638.2,0.0,1638.2,723.05,915.15,Concluída,2,5.0
V01313,2026-03-04,C002,Beta Varejo,B2B,Sudeste,MG,P001,Notebook Pro 14,Informática,Marketplace,Fernanda Rocha,Boleto,4,4446.11,0.05,17784.44,889.22,16895.22,11224.12,5671.1,Pendente,7,
V01314,2025-12-12,C010,Tech Mais,B2C,Sudeste,SP,P008,Webcam Full HD,Acessórios,Marketplace,Diego Alves,Pix,1,232.14,0.08,232.14,18.57,213.57,96.36,117.21,Concluída,7,
V01315,2026-04-17,C003,Casa Norte,B2C,Norte,AM,P009,Smartphone X,Telefonia,Marketplace,Diego Alves,Pix,4,2871.47,0.1,11485.88,1148.59,10337.29,7917.84,2419.45,Concluída,4,
V01316,2026-02-24,C006,Mercado Central,B2B,Nordeste,BA,P002,Mouse Wireless,Acessórios,Marketplace,Bruno Lima,Transferência,1,95.97,0.05,95.97,4.8,91.17,40.38,50.79,Concluída,10,
V01317,2025-02-16,C006,Mercado Central,B2B,Nordeste,BA,P009,Smartphone X,Telefonia,Marketplace,Carla Mendes,Cartão Crédito,1,2767.86,0.0,2767.86,0.0,2767.86,1939.0,828.86,Concluída,10,5.0
V01318,2025-11-13,C003,Casa Norte,B2C,Norte,AM,P001,Notebook Pro 14,Informática,Loja Física,Fernanda Rocha,Cartão Crédito,1,3865.96,0.03,3865.96,115.98,3749.98,3098.13,651.85,Concluída,10,
V01319,2025-02-24,C004,Delta Store,B2B,Sul,PR,P010,Carregador USB-C,Telefonia,E-commerce,Diego Alves,Cartão Crédito,2,120.55,0.0,241.1,0.0,241.1,88.42,152.68,Concluída,3,
V01320,2025-07-04,C002,Beta Varejo,B2B,Sudeste,MG,P009,Smartphone X,Telefonia,Loja Física,Carla Mendes,Pix,2,2972.44,0.0,5944.88,0.0,5944.88,3656.66,2288.22,Concluída,4,5.0
V01321,2026-03-31,C004,Delta Store,B2B,Sul,PR,P010,Carregador USB-C,Telefonia,Loja Física,Fernanda Rocha,Boleto,2,115.83,0.05,231.66,11.58,220.08,87.92,132.16,Concluída,10,4.0
V01322,2025-02-16,C007,Loja Avenida,B2C,Centro-Oeste,GO,P010,Carregador USB-C,Telefonia,Marketplace,Ana Souza,Boleto,2,103.83,0.0,207.66,0.0,207.66,77.92,129.74,Concluída,3,4.0
V01323,2026-03-01,C007,Loja Avenida,B2C,Sudeste ,GO,P003,Teclado Mecânico,Acessórios,Loja Física,Fernanda Rocha,Boleto,5,311.04,0.0,1555.2,0.0,1555.2,689.05,866.15,Concluida,3,4.0
V01324,2025-04-04,C007,Loja Avenida,B2C,Centro-Oeste,GO,P005,Headset Gamer,Acessórios,Loja Física,Ana Souza,Pix,3,252.29,0.05,756.87,37.84,719.03,335.76,383.27,Concluída,3,4.0
V01325,2025-07-07,C005,E-commerce Livre,B2C,Sudeste,RJ,P003,Teclado Mecânico,Acessórios,Representante,Ana Souza,Pix,1,308.36,0.0,308.36,0.0,308.36,147.02,161.34,Concluída,4,5.0
V01326,2025-06-23,C005,E-commerce Livre,B2C,Sudeste,RJ,P007,Mesa Office,Móveis,Loja Física,Fernanda Rocha,Boleto,2,751.81,0.03,1503.62,45.11,1458.51,794.88,663.63,Concluída,4,
V01327,2025-03-01,C003,Casa Norte,B2C,Norte,AM,P001,Notebook Pro 14,Informática,Representante,Diego Alves,Cartão Crédito,4,3861.43,0.08,15445.72,1235.66,14210.06,12832.12,1377.94,Concluída,7,4.0
V01328,2026-02-27,C006,Mercado Central,B2B,Nordeste,BA,P003,Teclado Mecânico,Acessórios,Representante,Carla Mendes,Transferência,1,324.05,0.03,324.05,9.72,314.33,147.45,166.88,Concluída,10,
V01329,2025-07-27,C002,Beta Varejo,B2B,Sudeste,MG,P001,Notebook Pro 14,Informática,E-commerce,Fernanda Rocha,Pix,6,4520.51,0.1,27123.06,2712.31,24410.75,17160.42,7250.33,Concluída,4,5.0
V01330,2026-06-01,C008,Prime Atacado,B2B,Sul,RS,P009,Smartphone X,Telefonia,Marketplace,Ana Souza,Boleto,3,2980.79,0.0,8942.37,0.0,8942.37,5734.68,3207.69,Concluida,3,4.0
V01331,2026-04-21,C001,Alfa Distribuidora,B2B,Sudeste,SP,P006,Cadeira Ergonômica,Móveis,Marketplace,Ana Souza,Transferência,2,1318.91,0.05,2637.82,131.89,2505.93,1716.0,789.93,Concluída,2,5.0
V01332,2025-08-28,C001,Alfa Distribuidora,B2B,Sudeste,SP,P007,Mesa Office,Móveis,Loja Física,Carla Mendes,Cartão Crédito,2,813.29,0.05,1626.58,81.33,1545.25,823.66,721.59,Devolvida,5,4.0
V01333,2025-05-09,C004,Delta Store,B2B,Sul,PR,P009,Smartphone X,Telefonia,Representante,Fernanda Rocha,Transferência,1,3100.46,0.05,3100.46,155.02,2945.44,1895.74,1049.7,Concluída,7,5.0
V01334,2026-05-28,C008,Prime Atacado,B2B,Sul,RS,P002,Mouse Wireless,Acessórios,E-commerce,Bruno Lima,Boleto,5,94.72,0.05,473.6,23.68,449.92,188.0,261.92,Concluída,5,
V01335,2025-09-09,C009,Shopping Mix,B2C,Nordeste,PE,P003,Teclado Mecânico,Acessórios,Marketplace,Fernanda Rocha,Transferência,2,320.45,,640.9,32.04,608.86,295.06,313.8,Cancelada,7,2.0
V01336,2026-04-21,C001,Alfa Distribuidora,B2B,Sudeste,SP,P001,Notebook Pro 14,Informática,Representante,Bruno Lima,Cartão Crédito,10,4475.22,0.08,44752.2,3580.18,41172.02,31635.1,9536.92,Cancelada,2,4.0
V01337,2025-10-07,C001,Alfa Distribuidora,B2B,Sudeste,SP,P008,Webcam Full HD,Acessórios,Representante,Diego Alves,Boleto,6,198.32,0.0,1189.92,0.0,1189.92,573.42,616.5,Cancelada,3,5.0
V01338,2026-06-07,C004,Delta Store,B2B,Sul,PR,P010,Carregador USB-C,Telefonia,Representante,Ana Souza,Pix,4,111.59,0.08,446.36,35.71,410.65,167.24,243.41,Concluída,3,4.0
V01339,2025-03-13,C009,Shopping Mix,B2C,Nordeste,PE,P010,Carregador USB-C,Telefonia,Representante,Ana Souza,Transferência,3,118.5,0.08,355.5,28.44,327.06,129.12,197.94,Cancelada,3,2.0
V01340,2025-10-14,C002,Beta Varejo,B2B,Sudeste,MG,P003,Teclado Mecânico,Acessórios,Marketplace,Bruno Lima,Boleto,6,293.32,0.0,1759.92,0.0,1759.92,909.3,850.62,Concluída,7,4.0
V01341,2026-04-09,C006,Mercado Central,B2B,Nordeste,BA,P005,Headset Gamer,Acessórios,Representante,Bruno Lima,Boleto,1,231.87,0.03,231.87,6.96,224.91,103.71,121.2,Concluída,7,
V01342,2026-04-16,C006,Mercado Central,B2B,Nordeste,BA,P004,Monitor 24,Informática,Representante,Ana Souza,Pix,2,891.49,0.03,1782.98,53.49,1729.49,1330.82,398.67,Pendente,3,5.0
V01343,2026-05-03,C001,Alfa Distribuidora,B2B,Sudeste,SP,P010,Carregador USB-C,Telefonia,Loja Física,Ana Souza,Pix,2,99.2,0.0,198.4,0.0,198.4,84.24,114.16,Concluída,2,5.0
V01344,2026-05-16,C007,Loja Avenida,B2C,Centro-Oeste,GO,P009,Smartphone X,Telefonia,Marketplace,Fernanda Rocha,Cartão Crédito,2,2864.89,0.0,5729.78,0.0,5729.78,3762.34,1967.44,Concluída,3,4.0
V01345,2025-02-01,C002,Beta Varejo,B2B,Sudeste,MG,P009,Smartphone X,Telefonia,Marketplace,Ana Souza,Boleto,1,2833.18,0.0,2833.18,0.0,2833.18,2060.74,772.44,Concluida,2,4.0
V01346,2026-01-02,C007,Loja Avenida,B2C,Centro-Oeste,GO,P010,Carregador USB-C,Telefonia,Marketplace,Bruno Lima,Cartão Crédito,1,113.48,0.0,113.48,0.0,113.48,42.63,70.85,Concluída,10,4.0
V01347,2026-01-15,C002,Beta Varejo,B2B,Sudeste,MG,P008,Webcam Full HD,Acessórios,E-commerce,Diego Alves,Cartão Crédito,3,207.56,0.1,622.68,62.27,560.41,286.17,274.24,Concluída,7,4.0
V01348,2025-10-15,C004,Delta Store,B2B,Sul,PR,P001,Notebook Pro 14,Informática,Representante,Bruno Lima,Cartão Crédito,5,4540.35,0.0,22701.75,0.0,22701.75,15954.65,6747.1,Concluída,3,4.0
V01349,2025-08-15,C010,Tech Mais,B2C,Sudeste,SP,P005,Headset Gamer,Acessórios,E-commerce,Diego Alves,Boleto,4,228.13,0.0,912.52,0.0,912.52,440.48,472.04,Concluída,2,4.0
V01350,2026-05-20,C001,Alfa Distribuidora,B2B,Sudeste,SP,P005,Headset Gamer,Acessórios,E-commerce,Ana Souza,Pix,2,241.13,0.0,482.26,0.0,482.26,229.88,252.38,Concluída,4,4.0
V01351,2025-10-12,C007,Loja Avenida,B2C,Centro-Oeste,GO,P002,Mouse Wireless,Acessórios,Marketplace,Bruno Lima,Pix,2,98.59,0.0,197.18,0.0,197.18,72.5,124.68,Cancelada,3,4.0
V01352,2025-06-29,C010,Tech Mais,B2C,Sudeste,SP,P010,Carregador USB-C,Telefonia,Loja Física,Fernanda Rocha,Pix,6,115.05,0.0,690.3,0.0,690.3,262.86,427.44,Concluída,7,4.0
V01353,2025-09-23,C002,Beta Varejo,B2B,Sudeste,MG,P003,Teclado Mecânico,Acessórios,E-commerce,Fernanda Rocha,Boleto,5,355.21,0.1,1776.05,177.6,1598.45,785.65,812.8,Concluída,4,4.0
V01354,2026-06-30,C004,Delta Store,B2B,Sul,PR,P001,Notebook Pro 14,Informática,Representante,Fernanda Rocha,Transferência,4,4596.81,0.0,18387.24,0.0,18387.24,13240.36,5146.88,Cancelada,15,5.0
V01355,2025-02-23,C001,Alfa Distribuidora,B2B,Sudeste,SP,P007,Mesa Office,Móveis,Representante,,Transferência,2,720.18,0.0,1440.36,0.0,1440.36,836.28,604.08,Concluída,7,5.0
V01356,2026-06-15,C005,E-commerce Livre,B2C,Sudeste,RJ,P002,Mouse Wireless,Acessórios,Marketplace,Diego Alves,Boleto,3,85.62,0.0,256.86,0.0,256.86,106.92,149.94,Concluída,4,2.0
V01357,2025-08-18,C009,Shopping Mix,B2C,Nordeste,PE,P001,Notebook Pro 14,Informática,Loja Física,Carla Mendes,Transferência,2,3945.56,0.05,7891.12,394.56,7496.56,6121.78,1374.78,Concluída,4,
V01358,2025-11-20,C009,Shopping Mix,B2C,Nordeste,PE,P008,Webcam Full HD,Acessórios,Loja Física,Diego Alves,Pix,1,212.87,0.05,212.87,10.64,202.23,91.82,110.41,Pendente,4,4.0
V01359,2025-01-26,C006,Mercado Central,B2B,Nordeste,BA,P002,Mouse Wireless,Acessórios,E-commerce,Diego Alves,Cartão Crédito,1,98.23,0.0,98.23,0.0,98.23,36.06,62.17,Concluída,5,2.0
V01360,2025-06-18,C004,Delta Store,B2B,Sul,PR,P004,Monitor 24,Informática,Representante,Carla Mendes,Cartão Crédito,4,923.13,0.0,3692.52,0.0,3692.52,2450.96,1241.56,Concluída,5,4.0
V01361,2026-05-07,C002,Beta Varejo,B2B,Sudeste,MG,P001,Notebook Pro 14,Informática,Marketplace,Ana Souza,Boleto,2,4344.0,0.1,8688.0,868.8,7819.2,6349.58,1469.62,Concluída,4,5.0
V01362,2025-04-21,C005,E-commerce Livre,B2C,Sudeste,RJ,P004,Monitor 24,Informática,Marketplace,Bruno Lima,Boleto,1,994.62,0.1,994.62,99.46,895.16,569.79,325.37,Pendente,4,5.0
V01363,2026-06-17,C001,Alfa Distribuidora,B2B,Sudeste,SP,P006,Cadeira Ergonômica,Móveis,E-commerce,Ana Souza,Transferência,2,1345.93,0.05,2691.86,134.59,2557.27,1843.36,713.91,Concluída,5,3.0
V01364,2025-05-08,C002,Beta Varejo,B2B,Sudeste,MG,P008,Webcam Full HD,Acessórios,Loja Física,Ana Souza,Cartão Crédito,2,205.08,0.03,410.16,12.3,397.86,176.42,221.44,Concluída,3,2.0
V01365,2025-03-08,C007,Loja Avenida,B2C,Centro-Oeste,GO,P006,Cadeira Ergonômica,Móveis,E-commerce,Ana Souza,Transferência,3,1498.47,0.0,4495.41,0.0,4495.41,2845.77,1649.64,Concluida,5,5.0
V01366,2026-03-19,C001,Alfa Distribuidora,B2B,Sudeste,SP,P005,Headset Gamer,Acessórios,Loja Física,Ana Souza,Cartão Crédito,5,221.65,0.03,1108.25,33.25,1075.0,548.9,526.1,Concluída,7,2.0
V01367,2025-10-29,C009,Shopping Mix,B2C,Nordeste,PE,P001,Notebook Pro 14,Informática,Marketplace,Diego Alves,Cartão Crédito,4,4273.44,0.0,17093.76,0.0,17093.76,11971.24,5122.52,Concluída,10,4.0
V01368,2025-08-27,C010,Tech Mais,B2C,Sudeste,SP,P007,Mesa Office,Móveis,Loja Física,Diego Alves,Transferência,5,771.01,0.0,3855.05,0.0,3855.05,2001.8,1853.25,Concluída,4,4.0
V01369,2025-04-14,C008,Prime Atacado,B2B,Sul,RS,P007,Mesa Office,Móveis,Representante,Ana Souza,Transferência,4,829.47,0.0,3317.88,0.0,3317.88,1650.84,1667.04,Concluída,5,3.0
V01370,2025-07-17,C009,Shopping Mix,B2C,Nordeste,PE,P006,Cadeira Ergonômica,Móveis,Loja Física,Ana Souza,Cartão Crédito,1,1495.31,0.08,1495.31,119.62,1375.69,828.69,547.0,Concluída,4,5.0
V01371,2025-07-18,C010,Tech Mais,B2C,Sudeste,SP,P002,Mouse Wireless,Acessórios,E-commerce,Fernanda Rocha,Boleto,3,88.17,0.05,264.51,13.23,251.28,113.01,138.27,Concluída,4,4.0
V01372,2026-05-08,C006,Mercado Central,B2B,Nordeste,BA,P007,Mesa Office,Móveis,Marketplace,Bruno Lima,Pix,2,743.51,0.0,1487.02,0.0,1487.02,794.16,692.86,Concluida,3,2.0
V01373,2025-03-03,C003,Casa Norte,B2C,Norte,AM,P001,Notebook Pro 14,Informática,E-commerce,Carla Mendes,,4,4495.12,0.08,17980.48,1438.44,16542.04,12307.76,4234.28,Concluída,7,5.0
V01374,2025-11-15,C009,Shopping Mix,B2C,Nordeste,PE,P006,Cadeira Ergonômica,Móveis,E-commerce,Bruno Lima,Transferência,2,1483.31,0.0,2966.62,0.0,2966.62,1908.58,1058.04,Devolvida,5,
V01375,2025-12-18,C005,E-commerce Livre,B2C,Sudeste,RJ,P010,Carregador USB-C,Telefonia,ecommerce,Carla Mendes,Cartão Crédito,4,103.61,0.0,414.44,0.0,414.44,156.72,257.72,Concluída,7,4.0
V01376,2025-05-29,C009,Shopping Mix,B2C,Nordeste,PE,P010,Carregador USB-C,Telefonia,Loja Física,Bruno Lima,Cartão Crédito,2,113.41,0.08,226.82,18.15,208.67,78.0,130.67,Concluída,3,5.0
V01377,2025-07-20,C007,Loja Avenida,B2C,Centro-Oeste,GO,P006,Cadeira Ergonômica,Móveis,E-commerce,Bruno Lima,Cartão Crédito,1,1412.45,0.0,1412.45,0.0,1412.45,831.55,580.9,Pendente,2,4.0
V01378,2026-05-03,C006,Mercado Central,B2B,Nordeste,BA,P004,Monitor 24,Informática,Marketplace,Fernanda Rocha,Boleto,1,895.69,0.03,895.69,26.87,868.82,596.52,272.3,Concluída,4,5.0
V01379,2025-12-10,C010,Tech Mais,B2C,Sudeste,SP,P010,Carregador USB-C,Telefonia,Representante,,Boleto,5,111.84,0.03,559.2,16.78,542.42,200.8,341.62,Concluída,3,4.0
V01380,2026-04-11,C003,Casa Norte,B2C,Norte,AM,P002,Mouse Wireless,Acessórios,Loja Física,Diego Alves,Pix,1,96.36,0.03,96.36,2.89,93.47,41.42,52.05,Concluída,5,5.0
V01381,2025-08-24,C001,Alfa Distribuidora,B2B,Sudeste,SP,P004,Monitor 24,Informática,Marketplace,Fernanda Rocha,Pix,3,850.93,0.0,2552.79,0.0,2552.79,1696.53,856.26,Concluída,7,2.0
V01382,2025-12-06,C004,Delta Store,B2B,Sul,PR,P008,Webcam Full HD,Acessórios,Marketplace,Bruno Lima,Transferência,1,221.63,0.08,221.63,17.73,203.9,90.18,113.72,Concluída,4,3.0
V01383,2026-01-07,C003,Casa Norte,B2C,Norte,AM,P001,Notebook Pro 14,Informática,Loja Física,Ana Souza,Boleto,2,4315.89,0.1,8631.78,863.18,7768.6,5687.48,2081.12,Concluída,4,4.0
V01384,2025-04-28,C001,Alfa Distribuidora,B2B,Sudeste,SP,P009,Smartphone X,Telefonia,E-commerce,Carla Mendes,Transferência,1,2712.82,0.08,2712.82,217.03,2495.79,2019.02,476.77,Concluída,3,4.0
V01385,2026-01-04,C004,Delta Store,B2B,Sul,PR,P010,Carregador USB-C,Telefonia,Loja Física,Ana Souza,,2,119.22,0.15,238.44,35.77,202.67,83.92,118.75,Concluída,7,4.0
V01386,2025-06-28,C004,Delta Store,B2B,Sul,PR,P005,Headset Gamer,Acessórios,E-commerce,Carla Mendes,Pix,3,228.19,0.05,684.57,34.23,650.34,319.95,330.39,Cancelada,7,3.0
V01387,2025-09-09,C006,Mercado Central,B2B,Nordeste,BA,P009,Smartphone X,Telefonia,E-commerce,Bruno Lima,Cartão Crédito,4,3012.83,0.0,12051.32,0.0,12051.32,7532.48,4518.84,Concluída,4,4.0
V01388,2025-04-14,C003,Casa Norte,B2C,Norte,AM,P005,Headset Gamer,Acessórios,Loja Física,Bruno Lima,Transferência,3,225.93,0.08,677.79,54.22,623.57,304.41,319.16,Concluída,4,4.0
V01389,2025-08-04,C002,Beta Varejo,B2B,Sudeste,MG,P006,Cadeira Ergonômica,Móveis,Representante,Diego Alves,Pix,1,1295.74,0.0,1295.74,0.0,1295.74,912.91,382.83,Concluida,4,5.0
V01390,2025-06-25,C006,Mercado Central,B2B,Nordeste,BA,P006,Cadeira Ergonômica,Móveis,Marketplace,Ana Souza,Cartão Crédito,4,1256.07,0.15,5024.28,753.64,4270.64,3715.88,554.76,Concluída,3,3.0
V01391,2025-07-14,C003,Casa Norte,B2C,Norte,AM,P003,Teclado Mecânico,Acessórios,E-commerce,Fernanda Rocha,Transferência,1,340.67,0.03,340.67,10.22,330.45,153.83,176.62,Concluida,5,5.0
V01392,2026-03-16,C006,Mercado Central,B2B,Nordeste,BA,P006,Cadeira Ergonômica,Móveis,E-commerce,Ana Souza,Pix,1,1307.6,0.05,1307.6,65.38,1242.22,801.86,440.36,Concluída,7,5.0
V01393,2025-06-02,C009,Shopping Mix,B2C,Nordeste,PE,P005,Headset Gamer,Acessórios,Representante,,Cartão Crédito,2,252.32,0.08,504.64,40.37,464.27,204.8,259.47,Concluída,10,4.0
V01394,2026-06-05,C005,E-commerce Livre,B2C,Sudeste,RJ,P003,Teclado Mecânico,Acessórios,Marketplace,Bruno Lima,Cartão Crédito,1,322.63,0.08,322.63,25.81,296.82,139.18,157.64,Concluída,3,
V01395,2025-03-08,C008,Prime Atacado,B2B,Sul,RS,P010,Carregador USB-C,Telefonia,E-commerce,Fernanda Rocha,Transferência,1,112.93,0.1,112.93,11.29,101.64,39.75,61.89,Pendente,10,5.0
V01396,2026-05-26,C009,Shopping Mix,B2C,Nordeste,PE,P006,Cadeira Ergonômica,Móveis,Marketplace,Bruno Lima,Boleto,1,1403.31,0.08,1403.31,112.26,1291.05,954.81,336.24,Concluída,7,4.0
V01397,2026-05-10,C006,Mercado Central,B2B,Nordeste,BA,P009,Smartphone X,Telefonia,Marketplace,Diego Alves,Boleto,1,2779.57,,2779.57,222.37,2557.2,1987.27,569.93,Concluída,15,4.0
V01398,2025-02-07,C010,Tech Mais,B2C,Sudeste,SP,P007,Mesa Office,Móveis,E-commerce,Bruno Lima,Pix,3,764.68,0.0,2294.04,0.0,2294.04,1348.32,945.72,Pendente,5,5.0
V01399,2026-02-10,C008,Prime Atacado,B2B,Sul,RS,P004,Monitor 24,Informática,E-commerce,Carla Mendes,Transferência,1,842.34,0.03,842.34,25.27,817.07,563.4,253.67,Concluída,4,1.0
V01400,2025-06-10,C007,Loja Avenida,B2C,Centro-Oeste,GO,P010,Carregador USB-C,Telefonia,Representante,Carla Mendes,Cartão Crédito,2,111.44,0.03,222.88,6.69,216.19,91.28,124.91,Concluída,4,
V01401,2025-10-30,C003,Casa Norte,B2C,Norte,AM,P002,Mouse Wireless,Acessórios,Marketplace,Fernanda Rocha,Boleto,5,89.68,0.0,448.4,0.0,448.4,197.9,250.5,Concluída,7,5.0
V01402,2025-02-12,C004,Delta Store,B2B,Sul,PR,P010,Carregador USB-C,Telefonia,Marketplace,Fernanda Rocha,Boleto,3,122.87,0.03,368.61,11.06,357.55,118.5,239.05,Cancelada,3,5.0
V01403,2026-04-24,C007,Loja Avenida,B2C,Centro-Oeste,GO,P008,Webcam Full HD,Acessórios,Marketplace,Diego Alves,Boleto,8,221.19,0.03,1769.52,53.09,1716.43,722.08,994.35,Concluída,4,5.0
V01404,2025-10-07,C008,Prime Atacado,B2B,Sul,RS,P006,Cadeira Ergonômica,Móveis,Marketplace,Ana Souza,Pix,4,1416.52,0.0,5666.08,0.0,5666.08,3511.04,2155.04,Cancelada,4,4.0
V01405,2025-09-29,C008,Prime Atacado,B2B,Sul,RS,P004,Monitor 24,Informática,Loja Física,Carla Mendes,Cartão Crédito,5,930.48,0.0,4652.4,0.0,4652.4,3297.6,1354.8,Concluída,15,3.0
V01406,2026-06-10,C005,E-commerce Livre,B2C,Sudeste,RJ,P009,Smartphone X,Telefonia,Loja Física,Carla Mendes,Pix,1,3068.25,0.0,3068.25,0.0,3068.25,2081.66,986.59,Cancelada,7,
V01407,2025-03-15,C002,Beta Varejo,B2B,Sudeste,MG,P002,Mouse Wireless,Acessórios,Representante,Ana Souza,Pix,2,100.34,0.0,200.68,0.0,200.68,75.48,125.2,Cancelada,4,5.0
V01408,2025-12-04,C006,Mercado Central,B2B,Nordeste,BA,P004,Monitor 24,Informática,Representante,Carla Mendes,Boleto,3,927.48,0.15,2782.44,417.37,2365.07,1701.96,663.11,Concluída,7,4.0
V01409,2025-05-22,C004,Delta Store,B2B,Sul,PR,P010,Carregador USB-C,Telefonia,Representante,Ana Souza,Boleto,1,112.57,0.0,112.57,0.0,112.57,39.81,72.76,Cancelada,5,
V01410,2026-02-18,C005,E-commerce Livre,B2C,Sudeste,RJ,P006,Cadeira Ergonômica,Móveis,Marketplace,Fernanda Rocha,Cartão Crédito,5,1420.81,0.0,7104.05,0.0,7104.05,4337.0,2767.05,Concluída,10,3.0
V01411,2025-06-02,C008,Prime Atacado,B2B,Sul,RS,P009,Smartphone X,Telefonia,Marketplace,Bruno Lima,Pix,2,2838.37,0.0,5676.74,0.0,5676.74,3792.8,1883.94,Concluída,2,2.0
V01412,2025-08-28,C004,Delta Store,B2B,Sul,PR,P008,Webcam Full HD,Acessórios,Marketplace,Diego Alves,Boleto,2,222.29,0.03,444.58,13.34,431.24,179.3,251.94,Concluída,4,
V01413,2025-07-12,C002,Beta Varejo,B2B,Sudeste,MG,P006,Cadeira Ergonômica,Móveis,Marketplace,Diego Alves,Pix,1,1415.0,0.1,1415.0,141.5,1273.5,926.29,347.21,Concluída,3,5.0
V01414,2025-01-31,C008,Prime Atacado,B2B,Sul,RS,P008,Webcam Full HD,Acessórios,Representante,Bruno Lima,Pix,1,226.51,0.05,226.51,11.33,215.18,94.62,120.56,Concluída,5,5.0
V01415,2026-05-27,C005,E-commerce Livre,B2C,Sudeste,RJ,P001,Notebook Pro 14,Informática,Representante,Carla Mendes,Pix,5,3818.43,0.0,19092.15,0.0,19092.15,15053.9,4038.25,Concluída,5,
V01416,2026-02-18,C007,Loja Avenida,B2C,Centro-Oeste,GO,P007,Mesa Office,Móveis,Representante,Carla Mendes,Cartão Crédito,2,846.99,0.0,1693.98,0.0,1693.98,817.28,876.7,Concluída,4,
V01417,2025-05-23,C010,Tech Mais,B2C,Sudeste,SP,P001,Notebook Pro 14,Informática,E-commerce,Carla Mendes,Transferência,1,4340.32,0.03,4340.32,130.21,4210.11,3321.22,888.89,Concluída,3,1.0
V01418,2026-02-05,C007,Loja Avenida,B2C,Centro-Oeste,GO,P004,Monitor 24,Informática,Loja Física,Fernanda Rocha,Transferência,2,855.4,0.08,1710.8,136.86,1573.94,1255.24,318.7,Concluída,5,3.0
V01419,2025-04-22,C004,Delta Store,B2B,Sul,PR,P008,Webcam Full HD,Acessórios,Representante,Fernanda Rocha,Transferência,2,235.18,0.08,470.36,37.63,432.73,194.54,238.19,Cancelada,2,3.0
V01420,2025-06-25,C005,E-commerce Livre,B2C,Sudeste,RJ,P002,Mouse Wireless,Acessórios,Loja Física,Fernanda Rocha,Pix,1,91.84,0.0,91.84,0.0,91.84,38.19,53.65,Concluída,7,5.0
V01421,2026-05-16,C001,Alfa Distribuidora,B2B,Sudeste,SP,P010,Carregador USB-C,Telefonia,Loja Física,Bruno Lima,Pix,8,100.3,0.0,802.4,0.0,802.4,349.12,453.28,Concluída,3,4.0
V01422,2025-10-18,C002,Beta Varejo,B2B,Sudeste,MG,P007,Mesa Office,Móveis,E-commerce,Bruno Lima,Boleto,2,789.76,0.0,1579.52,0.0,1579.52,870.52,709.0,Concluída,4,4.0
V01423,2026-04-11,C009,Shopping Mix,B2C,Nordeste,PE,P002,Mouse Wireless,Acessórios,Loja Física,Carla Mendes,Cartão Crédito,1,92.8,0.05,92.8,4.64,88.16,40.14,48.02,Concluída,3,5.0
V01424,2026-02-25,C003,Casa Norte,B2C,Norte,AM,P006,Cadeira Ergonômica,Móveis,Marketplace,Bruno Lima,Cartão Crédito,3,1358.83,,4076.49,122.29,3954.2,2632.23,1321.97,Concluída,5,3.0
V01425,2026-03-05,C003,Casa Norte,B2C,Norte,AM,P009,Smartphone X,Telefonia,Marketplace,Ana Souza,Transferência,4,2603.71,0.0,10414.84,0.0,10414.84,8677.88,1736.96,Pendente,2,4.0
V01426,2025-07-30,C004,Delta Store,B2B,Sul,PR,P003,Teclado Mecânico,Acessórios,Representante,Diego Alves,Transferência,1,322.17,0.08,322.17,25.77,296.4,158.21,138.19,Concluída,4,5.0
V01427,2025-11-14,C003,Casa Norte,B2C,Norte,AM,P010,Carregador USB-C,Telefonia,E-commerce,Fernanda Rocha,Transferência,2,121.02,0.08,242.04,19.36,222.68,85.72,136.96,Concluída,3,2.0
V01428,2025-01-08,C005,E-commerce Livre,B2C,Sudeste,RJ,P004,Monitor 24,Informática,E-commerce,Diego Alves,Cartão Crédito,5,889.19,0.0,4445.95,0.0,4445.95,3064.65,1381.3,Cancelada,3,5.0
V01429,2025-09-10,C007,Loja Avenida,B2C,Centro-Oeste,GO,P010,Carregador USB-C,Telefonia,Representante,Fernanda Rocha,Transferência,6,121.91,0.0,731.46,0.0,731.46,241.68,489.78,Concluída,4,3.0
V01430,2025-02-10,C008,Prime Atacado,B2B,Sul,RS,P008,Webcam Full HD,Acessórios,Loja Física,Carla Mendes,Transferência,3,211.02,0.08,633.06,50.64,582.42,249.96,332.46,Concluída,7,5.0
V01431,2026-02-05,C006,Mercado Central,B2B,Nordeste,BA,P005,Headset Gamer,Acessórios,E-commerce,Diego Alves,Pix,6,254.49,0.1,1526.94,152.69,1374.25,617.34,756.91,Concluída,2,1.0
V01432,2026-03-19,C003,Casa Norte,B2C,Norte,AM,P010,Carregador USB-C,Telefonia,Marketplace,Diego Alves,Pix,2,101.44,0.0,202.88,0.0,202.88,79.96,122.92,Concluída,10,1.0
V01433,2026-02-07,C010,Tech Mais,B2C,Sudeste,SP,P002,Mouse Wireless,Acessórios,Loja Física,Bruno Lima,Pix,4,88.68,0.1,354.72,35.47,319.25,164.28,154.97,Concluída,5,1.0
V01434,2025-10-26,C005,E-commerce Livre,B2C,Sudeste,RJ,P009,Smartphone X,Telefonia,Loja Física,Bruno Lima,Transferência,10,3060.74,0.1,30607.4,3060.74,27546.66,20565.5,6981.16,Concluída,10,4.0
V01435,2025-05-05,C007,Loja Avenida,B2C,Centro-Oeste,GO,P009,Smartphone X,Telefonia,Representante,Ana Souza,Cartão Crédito,3,2581.43,0.1,7744.29,774.43,6969.86,5615.31,1354.55,Concluída,5,5.0
V01436,2026-02-24,C009,Shopping Mix,B2C,Nordeste,PE,P006,Cadeira Ergonômica,Móveis,Marketplace,Bruno Lima,Boleto,3,1283.94,0.0,3851.82,0.0,3851.82,2756.91,1094.91,Pendente,7,4.0
V01437,2025-02-15,C004,Delta Store,B2B,Sul,PR,P009,Smartphone X,Telefonia,Marketplace,Ana Souza,Cartão Crédito,6,2772.47,0.03,16634.82,499.04,16135.78,11949.9,4185.88,Concluída,7,4.0
V01438,2025-12-18,C008,Prime Atacado,B2B,Sul,RS,P007,Mesa Office,Móveis,Marketplace,,Transferência,2,746.3,0.0,1492.6,0.0,1492.6,881.48,611.12,Concluída,3,5.0
V01439,2025-09-14,C001,Alfa Distribuidora,B2B,Sudeste,SP,P001,Notebook Pro 14,Informática,Loja Física,Bruno Lima,Boleto,4,4474.99,0.03,17899.96,537.0,17362.96,13187.36,4175.6,Pendente,7,5.0
V01440,2026-04-18,C008,Prime Atacado,B2B,Sul,RS,P008,Webcam Full HD,Acessórios,Loja Física,Ana Souza,Pix,2,234.41,0.0,468.82,0.0,468.82,172.16,296.66,Concluída,2,
V01441,2026-04-28,C008,Prime Atacado,B2B,Sul,RS,P003,Teclado Mecânico,Acessórios,Representante,Bruno Lima,Pix,3,327.21,0.05,981.63,49.08,932.55,439.11,493.44,Concluída,5,5.0
V01442,2025-04-13,C001,Alfa Distribuidora,B2B,Sudeste,SP,P010,Carregador USB-C,Telefonia,E-commerce,Carla Mendes,Cartão Crédito,2,117.33,0.0,234.66,0.0,234.66,80.62,154.04,Concluída,4,5.0
V01443,2025-06-22,C009,Shopping Mix,B2C,Nordeste,PE,P007,Mesa Office,Móveis,Loja Física,Ana Souza,Boleto,5,767.69,0.03,3838.45,115.15,3723.3,2256.95,1466.35,Concluída,3,
V01444,2026-01-02,C003,Casa Norte,B2C,Norte,AM,P008,Webcam Full HD,Acessórios,E-commerce,Bruno Lima,Cartão Crédito,3,234.34,0.0,703.02,0.0,703.02,282.57,420.45,Concluída,3,4.0
V01445,2026-03-29,C009,Shopping Mix,B2C,Nordeste,PE,P004,Monitor 24,Informática,Loja Física,Fernanda Rocha,Cartão Crédito,2,833.82,0.0,1667.64,0.0,1667.64,1130.26,537.38,Concluída,4,3.0
V01446,2026-03-31,C007,Loja Avenida,B2C,Centro-Oeste,GO,P005,Headset Gamer,Acessórios,Loja Física,Fernanda Rocha,Cartão Crédito,1,221.41,0.05,221.41,11.07,210.34,98.38,111.96,Concluida,2,4.0
V01447,2025-07-26,C001,Alfa Distribuidora,B2B,Sudeste,SP,P007,Mesa Office,Móveis,E-commerce,Carla Mendes,Pix,6,825.3,0.0,4951.8,0.0,4951.8,2754.96,2196.84,Concluída,7,5.0
V01448,2025-01-17,C004,Delta Store,B2B,Sul,PR,P002,Mouse Wireless,Acessórios,Marketplace,Ana Souza,Cartão Crédito,4,106.26,0.0,425.04,0.0,425.04,156.92,268.12,Concluída,2,1.0
V01449,2025-03-06,C006,Mercado Central,B2B,Nordeste,BA,P004,Monitor 24,Informática,E-commerce,Ana Souza,Pix,1,928.09,0.03,928.09,27.84,900.25,621.97,278.28,Concluída,4,
V01450,2026-03-02,C003,Casa Norte,B2C,Norte,AM,P001,Notebook Pro 14,Informática,Loja Física,Carla Mendes,Boleto,2,4357.43,0.08,8714.86,697.19,8017.67,6472.74,1544.93,Concluída,7,4.0
V01451,2025-08-01,C009,Shopping Mix,B2C,Nordeste,PE,P004,Monitor 24,Informática,Marketplace,Diego Alves,Cartão Crédito,6,848.04,0.0,5088.24,0.0,5088.24,3402.18,1686.06,Cancelada,4,3.0
V01452,2025-04-19,C004,Delta Store,B2B,Sul,PR,P004,Monitor 24,Informática,Representante,Carla Mendes,Pix,1,977.49,0.08,977.49,78.2,899.29,621.98,277.31,Concluída,4,4.0
V01453,2025-11-20,C001,Alfa Distribuidora,B2B,Sudeste,SP,P007,Mesa Office,Móveis,Loja Física,Diego Alves,Pix,8,723.56,0.0,5788.48,0.0,5788.48,3378.16,2410.32,Concluída,4,4.0
V01454,2025-03-09,C008,Prime Atacado,B2B,Sul,RS,P004,Monitor 24,Informática,Representante,Fernanda Rocha,Boleto,1,901.47,0.0,901.47,0.0,901.47,581.44,320.03,Concluída,7,4.0
V01455,2025-08-12,C001,Alfa Distribuidora,B2B,Sudeste,SP,P002,Mouse Wireless,Acessórios,Marketplace,Carla Mendes,Transferência,3,100.71,0.05,302.13,15.11,287.02,114.54,172.48,Concluída,4,5.0
V01456,2025-06-25,C002,Beta Varejo,B2B,Sudeste,MG,P009,Smartphone X,Telefonia,Representante,Ana Souza,Boleto,3,3043.07,0.08,9129.21,730.34,8398.87,5647.17,2751.7,Concluída,5,4.0
V01457,2025-12-07,C007,Loja Avenida,B2C,Centro-Oeste,GO,P003,Teclado Mecânico,Acessórios,E-commerce,Carla Mendes,Transferência,1,350.56,0.0,350.56,0.0,350.56,157.65,192.91,Concluída,7,3.0
V01458,2025-01-19,C002,Beta Varejo,B2B,Sudeste,MG,P006,Cadeira Ergonômica,Móveis,Marketplace,Diego Alves,Pix,1,1369.82,0.0,1369.82,0.0,1369.82,848.23,521.59,Concluída,3,3.0
V01459,2025-01-14,C009,Shopping Mix,B2C,Nordeste,PE,P010,Carregador USB-C,Telefonia,E-commerce,Ana Souza,Cartão Crédito,5,103.05,0.0,515.25,0.0,515.25,217.0,298.25,Pendente,4,3.0
V01460,2026-03-15,C005,E-commerce Livre,B2C,Sudeste,RJ,P004,Monitor 24,Informática,E-commerce,Fernanda Rocha,Cartão Crédito,3,978.46,0.08,2935.38,234.83,2700.55,1888.65,811.9,Concluída,5,3.0
V01461,2026-01-19,C001,Alfa Distribuidora,B2B,Sudeste,SP,P003,Teclado Mecânico,Acessórios,Marketplace,Carla Mendes,Pix,4,339.05,0.15,1356.2,203.43,1152.77,560.8,591.97,Concluída,5,5.0
V01462,2025-07-29,C003,Casa Norte,B2C,Norte,AM,P007,Mesa Office,Móveis,Loja Física,Bruno Lima,Transferência,5,735.25,0.0,3676.25,0.0,3676.25,2176.35,1499.9,Concluída,7,4.0
V01463,2025-10-12,C006,Mercado Central,B2B,Nordeste,BA,P003,Teclado Mecânico,Acessórios,Representante,Ana Souza,Transferência,5,328.88,0.08,1644.4,131.55,1512.85,710.4,802.45,Cancelada,3,4.0
V01464,2025-08-23,C005,E-commerce Livre,B2C,Sudeste,RJ,P001,Notebook Pro 14,Informática,Representante,Carla Mendes,Pix,1,4219.39,0.0,4219.39,0.0,4219.39,2952.42,1266.97,Pendente,3,5.0
V01465,2025-02-25,C004,Delta Store,B2B,Sul,PR,P009,Smartphone X,Telefonia,E-commerce,Bruno Lima,Transferência,10,2532.26,0.05,25322.6,1266.13,24056.47,19117.4,4939.07,Concluída,4,
V01466,2025-07-07,C009,Shopping Mix,B2C,Nordeste,PE,P006,Cadeira Ergonômica,Móveis,Marketplace,Ana Souza,Cartão Crédito,1,1389.6,0.03,1389.6,41.69,1347.91,937.17,410.74,Concluída,5,5.0
V01467,2025-07-17,C008,Prime Atacado,B2B,Sul,RS,P002,Mouse Wireless,Acessórios,Loja Física,Bruno Lima,Pix,4,105.19,0.08,420.76,33.66,387.1,141.0,246.1,Concluída,4,4.0
V01468,2025-06-27,C003,Casa Norte,B2C,Norte,AM,P002,Mouse Wireless,Acessórios,E-commerce,Bruno Lima,Cartão Crédito,2,93.53,0.0,187.06,0.0,187.06,83.32,103.74,Concluída,10,4.0
V01469,2025-11-15,C007,Loja Avenida,B2C,Centro-Oeste,GO,P008,Webcam Full HD,Acessórios,E-commerce,Bruno Lima,Pix,3,227.35,0.0,682.05,0.0,682.05,269.31,412.74,Concluída,4,
V01470,2025-09-12,C007,Loja Avenida,B2C,Centro-Oeste,GO,P003,Teclado Mecânico,Acessórios,Representante,Carla Mendes,Transferência,5,295.67,0.0,1478.35,0.0,1478.35,722.85,755.5,Concluída,5,3.0
V01471,2026-05-08,C004,Delta Store,B2B,Sul,PR,P005,Headset Gamer,Acessórios,Loja Física,Carla Mendes,Transferência,3,216.38,0.0,649.14,0.0,649.14,328.2,320.94,Concluída,15,5.0
V01472,2026-04-28,C007,Loja Avenida,B2C,Centro-Oeste,GO,P003,Teclado Mecânico,Acessórios,Marketplace,Diego Alves,Transferência,2,291.2,0.08,582.4,46.59,535.81,314.36,221.45,Cancelada,3,
V01473,2025-01-21,C003,Casa Norte,B2C,Norte,AM,P008,Webcam Full HD,Acessórios,Marketplace,Diego Alves,Cartão Crédito,2,222.46,0.1,444.92,44.49,400.43,173.24,227.19,Devolvida,4,
V01474,2025-06-06,C005,E-commerce Livre,B2C,Sudeste,RJ,P010,Carregador USB-C,Telefonia,E-commerce,Carla Mendes,Transferência,2,122.07,0.0,244.14,0.0,244.14,88.0,156.14,Concluída,4,3.0
V01475,2026-04-10,C008,Prime Atacado,B2B,Sul,RS,P005,Headset Gamer,Acessórios,Representante,Diego Alves,Transferência,4,226.07,0.03,904.28,27.13,877.15,405.56,471.59,Pendente,2,3.0
V01476,2025-05-20,C002,Beta Varejo,B2B,Sudeste,MG,P006,Cadeira Ergonômica,Móveis,Marketplace,Bruno Lima,Pix,2,1337.98,0.0,2675.96,0.0,2675.96,1754.7,921.26,Devolvida,5,5.0
V01477,2025-01-14,C004,Delta Store,B2B,Sul,PR,P001,Notebook Pro 14,Informática,Representante,Diego Alves,Transferência,1,4421.25,0.0,4421.25,0.0,4421.25,3237.72,1183.53,Concluída,4,4.0
V01478,2026-01-18,C007,Loja Avenida,B2C,Centro-Oeste,GO,P007,Mesa Office,Móveis,Marketplace,Diego Alves,Boleto,6,723.72,0.03,4342.32,130.27,4212.05,2439.6,1772.45,Concluída,10,4.0
V01479,2026-02-23,C010,Tech Mais,B2C,Sudeste,SP,P002,Mouse Wireless,Acessórios,Loja Física,Ana Souza,Transferência,3,104.88,0.03,314.64,9.44,305.2,114.9,190.3,Concluída,5,3.0
V01480,2025-07-18,C010,Tech Mais,B2C,Sudeste,SP,P003,Teclado Mecânico,Acessórios,Marketplace,Carla Mendes,Boleto,5,318.66,0.0,1593.3,0.0,1593.3,769.6,823.7,Concluída,2,5.0
V01481,2026-01-13,C009,Shopping Mix,B2C,Nordeste,PE,P008,Webcam Full HD,Acessórios,Loja Física,Diego Alves,Transferência,6,230.01,0.1,1380.06,138.01,1242.05,581.16,660.89,Concluída,4,5.0
V01482,2026-05-05,C004,Delta Store,B2B,Sul,PR,P004,Monitor 24,Informática,Loja Física,Carla Mendes,Cartão Crédito,2,918.78,0.05,1837.56,91.88,1745.68,1202.56,543.12,Devolvida,4,4.0
V01483,2026-04-12,C003,Casa Norte,B2C,Norte,AM,P005,Headset Gamer,Acessórios,E-commerce,Carla Mendes,Pix,10,242.06,0.0,2420.6,0.0,2420.6,1063.0,1357.6,Cancelada,7,5.0
V01484,2025-06-15,C010,Tech Mais,B2C,Sudeste,SP,P010,Carregador USB-C,Telefonia,Loja Física,Ana Souza,Cartão Crédito,4,105.15,0.08,420.6,33.65,386.95,181.56,205.39,Concluída,3,
V01485,2025-03-24,C007,Loja Avenida,B2C,Centro-Oeste,GO,P007,Mesa Office,Móveis,E-commerce,Diego Alves,Pix,6,855.28,0.1,5131.68,513.17,4618.51,2625.18,1993.33,Concluída,5,2.0
V01486,2025-11-06,C007,Loja Avenida,B2C,Centro-Oeste,GO,P005,Headset Gamer,Acessórios,Marketplace,Fernanda Rocha,Boleto,4,242.68,0.05,970.72,48.54,922.18,424.4,497.78,Concluída,3,4.0
V01487,2025-04-22,C007,Loja Avenida,B2C,Centro-Oeste,GO,P002,Mouse Wireless,Acessórios,Representante,Bruno Lima,Boleto,1,89.59,0.15,89.59,13.44,76.15,36.01,40.14,Concluída,5,5.0
V01488,2025-11-12,C004,Delta Store,B2B,Sul,PR,P007,Mesa Office,Móveis,Loja Física,Bruno Lima,Transferência,1,-838.2,0.08,838.2,67.06,771.14,413.97,357.17,Concluída,10,5.0
V01489,2025-03-13,C001,Alfa Distribuidora,B2B,Sudeste,SP,P002,Mouse Wireless,Acessórios,Marketplace,Fernanda Rocha,Transferência,4,87.22,0.0,348.88,0.0,348.88,155.16,193.72,Concluída,4,5.0
V01490,2025-06-24,C005,E-commerce Livre,B2C,Sudeste,RJ,P007,Mesa Office,Móveis,E-commerce,Carla Mendes,Pix,2,836.01,0.08,1672.02,133.76,1538.26,841.3,696.96,Cancelada,2,5.0
V01491,2026-05-14,C003,Casa Norte,B2C,Norte,AM,P004,Monitor 24,Informática,E-commerce,Fernanda Rocha,Cartão Crédito,1,817.24,0.05,817.24,40.86,776.38,613.02,163.36,Devolvida,4,4.0
V01492,2025-08-06,C008,Prime Atacado,B2B,Sul,RS,P010,Carregador USB-C,Telefonia,E-commerce,Bruno Lima,Cartão Crédito,3,110.03,0.0,330.09,0.0,330.09,131.64,198.45,Concluida,7,
V01493,2025-09-23,C003,Casa Norte,B2C,Norte,AM,P004,Monitor 24,Informática,Marketplace,Diego Alves,Cartão Crédito,2,941.21,0.0,1882.42,0.0,1882.42,1271.08,611.34,Concluída,15,5.0
V01494,2025-10-28,C003,Casa Norte,B2C,Norte,AM,P002,Mouse Wireless,Acessórios,Loja Física,Diego Alves,Cartão Crédito,8,102.95,0.1,823.6,82.36,741.24,324.24,417.0,Concluída,3,4.0
V01495,2025-12-17,C005,E-commerce Livre,B2C,Sudeste,RJ,P002,Mouse Wireless,Acessórios,Loja Física,Fernanda Rocha,Pix,1,96.45,0.03,96.45,2.89,93.56,38.55,55.01,Pendente,10,3.0
V01496,2025-04-14,C008,Prime Atacado,B2B,Sul,RS,P008,Webcam Full HD,Acessórios,Loja Física,Ana Souza,Boleto,2,208.59,0.0,417.18,0.0,417.18,191.48,225.7,Concluída,5,5.0
V01497,2025-02-12,C001,Alfa Distribuidora,B2B,Sudeste,SP,P010,Carregador USB-C,Telefonia,Loja Física,Bruno Lima,Cartão Crédito,5,102.2,0.05,511.0,25.55,485.45,209.65,275.8,Concluída,2,4.0
V01498,2026-06-17,C007,Loja Avenida,B2C,Centro-Oeste,GO,P010,Carregador USB-C,Telefonia,Representante,Diego Alves,Transferência,2,105.09,0.05,210.18,10.51,199.67,88.92,110.75,Concluída,2,5.0
V01499,2026-03-16,C006,Mercado Central,B2B,Nordeste,BA,P010,Carregador USB-C,Telefonia,Representante,Carla Mendes,Boleto,1,121.68,0.05,121.68,6.08,115.6,41.07,74.53,Concluída,2,4.0
V01500,2026-01-05,C006,Mercado Central,B2B,Nordeste,BA,P004,Monitor 24,Informática,Marketplace,Diego Alves,Cartão Crédito,1,920.86,0.0,920.86,0.0,920.86,619.24,301.62,Concluída,3,2.0
V00548,2025-06-01,C001,Alfa Distribuidora,B2B,Sudeste,SP,P001,Notebook Pro 14,Informática,E-commerce,Ana Souza,Boleto,1,4132.04,0.08,4132.04,330.56,3801.48,3258.17,543.31,Concluída,4,4.0
V00985,2025-08-31,C010,Tech Mais,B2C,Sudeste,SP,P008,Webcam Full HD,Acessórios,Representante,Diego Alves,Boleto,1,212.56,0.03,212.56,6.38,206.18,97.39,108.79,Pendente,4,4.0
V00713,2025-07-21,C005,E-commerce Livre,B2C,Sudeste,RJ,P003,Teclado Mecânico,Acessórios,Representante,Ana Souza,Cartão Crédito,3,298.78,0.05,896.34,44.82,851.52,447.21,404.31,Concluida,7,
V00639,2025-06-24,C001,Alfa Distribuidora,B2B,Sudeste,SP,P003,Teclado Mecânico,Acessórios,Representante,Carla Mendes,Transferência,1,299.18,0.1,299.18,29.92,269.26,156.36,112.9,Devolvida,15,3.0
V00472,2025-12-18,C010,Tech Mais,B2C,Sudeste,SP,P008,Webcam Full HD,Acessórios,Loja Física,Ana Souza,Cartão Crédito,1,206.35,0.08,206.35,16.51,189.84,89.82,100.02,Pendente,5,4.0
V01150,2025-01-28,C002,Beta Varejo,B2B,Sudeste,MG,P008,Webcam Full HD,Acessórios,E-commerce,Diego Alves,Boleto,4,209.84,0.0,839.36,0.0,839.36,377.04,462.32,Concluída,7,3.0
V00393,2025-03-11,C003,Casa Norte,B2C,Norte,AM,P004,Monitor 24,Informática,E-commerce,,Pix,3,953.98,0.03,2861.94,85.86,2776.08,1732.02,1044.06,Cancelada,5,4.0
V01159,2025-10-19,C010,Tech Mais,B2C,Sudeste,SP,P006,Cadeira Ergonômica,Móveis,Representante,Ana Souza,Cartão Crédito,1,1361.96,0.05,1361.96,68.1,1293.86,921.05,372.81,Concluída,4,
V01022,2025-01-04,C009,Shopping Mix,B2C,Nordeste,PE,P004,Monitor 24,Informática,Marketplace,Diego Alves,Cartão Crédito,1,887.75,0.05,887.75,44.39,843.36,645.74,197.62,Concluída,15,5.0
V00427,2025-10-15,C006,Mercado Central,B2B,Nordeste,BA,P007,Mesa Office,Móveis,Marketplace,Carla Mendes,Cartão Crédito,4,842.22,0.03,3368.88,101.07,3267.81,1881.8,1386.01,Concluída,4,5.0
V01133,2025-03-11,C009,Shopping Mix,B2C,Nordeste,PE,P010,Carregador USB-C,Telefonia,Loja Física,Fernanda Rocha,Cartão Crédito,8,105.31,0.08,842.48,67.4,775.08,361.36,413.72,Concluida,3,5.0
V00417,2025-11-29,C010,Tech Mais,B2C,Sudeste,SP,P010,Carregador USB-C,Telefonia,Marketplace,Ana Souza,Boleto,4,122.4,0.0,489.6,0.0,489.6,174.6,315.0,Concluida,7,4.0
V00718,2026-04-02,C009,Shopping Mix,B2C,Nordeste,PE,P003,Teclado Mecânico,Acessórios,E-commerce,Bruno Lima,Pix,6,334.95,0.0,2009.7,0.0,2009.7,949.68,1060.02,Concluída,10,4.0
V00979,2025-05-23,C003,Casa Norte,B2C,Norte,AM,P008,Webcam Full HD,Acessórios,E-commerce,Fernanda Rocha,Transferência,2,209.74,0.03,419.48,12.58,406.9,167.92,238.98,Concluída,10,
V00836,2026-01-08,C003,Casa Norte,B2C,Norte,AM,P001,Notebook Pro 14,Informática,E-commerce,Carla Mendes,Cartão Crédito,1,3975.43,0.05,3975.43,198.77,3776.66,2981.69,794.97,Concluída,3,
V00829,2025-04-20,C006,Mercado Central,B2B,Nordeste,BA,P003,Teclado Mecânico,informatica,E-commerce,Diego Alves,Pix,1,356.81,0.15,356.81,53.52,303.29,137.67,165.62,Concluída,2,4.0
V00805,2025-09-24,C006,Mercado Central,B2B,Nordeste,BA,P007,Mesa Office,Móveis,E-commerce,Carla Mendes,Cartão Crédito,3,717.68,0.05,2153.04,107.65,2045.39,1322.04,723.35,Concluída,3,3.0
V00748,2026-05-11,C009,Shopping Mix,B2C,Nordeste,PE,P009,Smartphone X,Telefonia,Representante,Carla Mendes,Boleto,3,2929.48,0.0,8788.44,0.0,8788.44,6214.41,2574.03,Concluída,4,1.0
V00072,2025-05-11,C007,Loja Avenida,B2C,Centro-Oeste,GO,P005,Headset Gamer,Acessórios,E-commerce,Diego Alves,Transferência,1,267.45,0.15,267.45,40.12,227.33,109.8,117.53,Concluída,4,5.0
V00699,2026-05-01,C007,Loja Avenida,B2C,Centro-Oeste,GO,P001,Notebook Pro 14,Informática,E-commerce,Fernanda Rocha,Pix,2,4411.9,0.0,8823.8,0.0,8823.8,6369.68,2454.12,Concluída,2,5.0
